判定日,s1,登顶,源①,A占比,B占比,源②,宽松闸门,严格闸门,判决,当日涨停,当日新高,当日新低,当日跌停,次日日期,次日s1,同名延续,次日池,池变化,次日新增,次日涨停,次日新高,次日新低
2026-01-05,商业航天,1,不过,19.2%,0.0%,不过,过,过,轮动,120,344,55,3,2026-01-06,商业航天,√,78,12,22,120,427,7
2026-01-06,商业航天,2,不过,18.3%,0.0%,不过,过,过,轮动,120,427,7,1,2026-01-07,商业航天,√,75,-3,15,100,479,6
2026-01-07,商业航天,3,不过,15.7%,0.0%,不过,过,过,轮动,100,479,6,2,2026-01-08,商业航天,√,115,40,41,92,537,14
2026-01-08,商业航天,4,不过,21.4%,0.0%,不过,过,过,轮动,92,537,14,4,2026-01-09,商业航天,√,112,-3,15,95,614,9
2026-01-09,商业航天,5,过,18.2%,0.0%,不过,过,过,轮动,95,614,9,3,2026-01-12,商业航天,√,150,38,36,197,767,6
2026-01-12,商业航天,6,过,19.6%,0.0%,不过,过,过,轮动,197,767,6,2,2026-01-13,人工智能,✗,79,-71,32,110,573,9
2026-01-13,人工智能,1,不过,13.8%,0.0%,不过,过,过,轮动,110,573,9,3,,,,,,,,,
2026-01-15,人工智能,3,不过,10.7%,0.0%,不过,过,否,轮动,55,496,34,41,2026-01-16,芯片,✗,76,23,31,80,478,59
2026-01-16,芯片,1,不过,15.9%,0.0%,不过,过,过,轮动,80,478,59,8,2026-01-19,芯片,√,67,-9,13,103,557,69
2026-01-19,芯片,2,不过,12.0%,0.0%,不过,过,过,轮动,103,557,69,5,2026-01-20,芯片,√,77,10,26,63,542,31
2026-01-20,芯片,3,不过,14.2%,0.0%,不过,过,否,轮动,63,542,31,16,2026-01-21,芯片,√,98,21,26,79,637,55
2026-01-21,芯片,4,不过,15.4%,0.0%,不过,过,过,轮动,79,637,55,3,2026-01-22,芯片,√,75,-23,12,70,654,43
2026-01-22,芯片,5,过,11.5%,0.0%,不过,过,过,轮动,70,654,43,7,2026-01-23,芯片,√,71,-4,18,75,761,40
2026-01-23,芯片,6,过,9.3%,0.0%,不过,过,过,轮动,75,761,40,5,2026-01-26,化工,✗,76,5,13,80,725,76
2026-01-26,化工,1,不过,10.5%,0.0%,不过,过,过,轮动,80,725,76,4,2026-01-27,芯片,✗,73,-3,31,60,746,139
2026-01-27,芯片,1,不过,9.8%,0.0%,不过,过,过,轮动,60,746,139,8,2026-01-28,化工,✗,77,4,15,55,706,113
2026-01-28,化工,1,不过,10.9%,0.0%,不过,过,过,轮动,55,706,113,10,2026-01-29,化工,√,75,-2,11,50,527,161
2026-01-29,化工,2,不过,14.2%,0.0%,不过,过,过,轮动,50,527,161,12,2026-01-30,化工,√,63,-12,4,48,482,112
2026-01-30,化工,3,不过,13.1%,0.0%,不过,过,否,轮动,48,482,112,52,2026-02-02,机器人,✗,15,-48,4,36,221,227
2026-02-02,机器人,1,不过,6.8%,0.0%,不过,否,否,轮动,36,221,227,98,2026-02-03,通信,✗,28,13,5,70,353,181
2026-02-03,通信,1,不过,7.9%,0.0%,不过,过,否,轮动,70,353,181,16,2026-02-04,光伏,✗,29,1,12,68,396,43
2026-02-04,光伏,1,不过,7.3%,0.0%,不过,过,过,轮动,68,396,43,13,2026-02-05,基础建设,✗,20,-9,2,44,323,54
2026-02-05,基础建设,1,不过,6.2%,0.0%,不过,过,过,轮动,44,323,54,3,2026-02-06,化工,✗,22,2,10,55,321,91
2026-02-06,化工,1,不过,6.9%,0.0%,不过,过,过,轮动,55,321,91,3,2026-02-09,化工,√,36,14,15,83,424,13
2026-02-09,化工,2,不过,8.5%,0.0%,不过,过,过,轮动,83,424,13,3,2026-02-10,化工,√,38,2,9,60,455,14
2026-02-10,化工,3,不过,8.4%,0.0%,不过,过,过,轮动,60,455,14,1,2026-02-11,化工,√,43,5,8,65,427,32
2026-02-11,化工,4,不过,10.1%,0.0%,不过,过,过,轮动,65,427,32,5,2026-02-12,化工,√,40,-3,1,50,448,65
2026-02-12,化工,5,过,8.9%,0.0%,不过,过,过,轮动,50,448,65,12,2026-02-13,化工,√,30,-10,3,70,382,0
2026-02-13,化工,6,过,7.9%,0.0%,不过,过,过,轮动,70,382,0,5,,,,,,,,,
2026-02-24,化工,1,不过,10.3%,0.0%,不过,过,过,轮动,109,474,0,14,2026-02-25,化工,√,76,27,30,100,572,0
2026-02-25,化工,2,不过,13.3%,0.0%,不过,过,过,轮动,100,572,0,7,2026-02-26,化工,√,70,-6,7,61,657,0
2026-02-26,化工,3,不过,10.7%,0.0%,不过,过,过,轮动,61,657,0,3,2026-02-27,化工,√,73,3,11,70,739,0
2026-02-27,化工,4,不过,9.9%,0.0%,不过,过,过,轮动,70,739,0,5,2026-03-02,化工,√,78,5,14,75,712,0
2026-03-02,化工,5,过,11.0%,0.0%,不过,过,过,轮动,75,712,0,7,2026-03-03,化工,√,46,-32,5,70,410,0
2026-03-03,化工,6,过,11.2%,0.0%,不过,过,过,轮动,70,410,0,8,2026-03-04,电力,✗,34,-12,3,72,363,0
2026-03-04,电力,1,不过,9.4%,0.0%,不过,过,过,轮动,72,363,0,7,2026-03-05,智能电网,✗,38,4,15,68,382,0
2026-03-05,智能电网,1,不过,9.9%,0.0%,不过,过,过,轮动,68,382,0,10,2026-03-06,化工,✗,46,8,20,74,436,0
2026-03-06,化工,1,不过,10.6%,0.0%,不过,过,过,轮动,74,436,0,2,2026-03-09,智能电网,✗,51,5,10,65,387,0
2026-03-09,智能电网,1,不过,13.2%,0.0%,不过,过,过,轮动,65,387,0,12,2026-03-10,智能电网,√,29,-22,10,68,435,0
2026-03-10,智能电网,2,不过,6.7%,0.0%,不过,过,过,轮动,68,435,0,8,2026-03-11,电力,✗,56,27,10,67,539,0
2026-03-11,电力,1,不过,10.4%,0.0%,不过,过,过,轮动,67,539,0,1,2026-03-12,化工,✗,58,2,16,52,511,0
2026-03-12,化工,1,不过,11.4%,0.0%,不过,过,过,轮动,52,511,0,5,2026-03-13,化工,√,55,-3,11,80,419,0
2026-03-13,化工,2,不过,13.1%,0.0%,不过,过,过,轮动,80,419,0,4,2026-03-17,电力,✗,27,-28,4,60,253,0
2026-03-17,电力,1,不过,10.7%,0.0%,不过,过,过,轮动,60,253,0,12,2026-03-18,电力,√,32,5,6,55,263,0
2026-03-18,电力,2,不过,12.2%,0.0%,不过,过,否,轮动,55,263,0,16,2026-03-19,电力,√,25,-7,3,58,206,748
2026-03-19,电力,3,不过,12.1%,0.0%,不过,否,否,轮动,58,206,748,13,2026-03-20,电力,√,15,-10,7,65,134,1244
2026-03-20,电力,4,不过,11.2%,0.0%,不过,否,否,轮动,65,134,1244,10,2026-03-23,电力,√,11,-4,2,70,71,2466
2026-03-23,电力,5,过,15.5%,0.0%,不过,否,否,轮动,70,71,2466,8,2026-03-24,电力,√,26,15,14,68,123,490
2026-03-24,电力,6,过,21.1%,0.0%,不过,否,否,轮动,68,123,490,7,2026-03-25,电力,√,37,11,12,72,164,9
2026-03-25,电力,7,过,22.6%,0.0%,不过,过,过,轮动,72,164,9,5,2026-03-26,电力,√,31,-6,5,50,156,141
2026-03-26,电力,8,过,19.9%,0.0%,不过,过,过,轮动,50,156,141,14,2026-03-27,电力,√,24,-7,3,60,161,331
2026-03-27,电力,9,过,14.9%,0.0%,不过,否,否,轮动,60,161,331,10,2026-03-30,锂电池,✗,21,-3,4,58,156,266
2026-03-30,锂电池,1,不过,13.5%,0.0%,不过,否,否,轮动,58,156,266,6,2026-03-31,医药,✗,15,-6,2,45,134,145
2026-03-31,医药,1,不过,11.2%,0.0%,不过,否,否,轮动,45,134,145,20,2026-04-01,医药,√,22,7,7,65,151,36
2026-04-01,医药,2,不过,14.6%,0.0%,不过,过,过,轮动,65,151,36,9,2026-04-02,医药,√,25,3,6,32,134,295
2026-04-02,医药,3,不过,18.7%,0.0%,不过,否,否,轮动,32,134,295,10,2026-04-03,医药,√,23,-2,5,38,123,771
2026-04-03,医药,4,不过,18.7%,0.0%,不过,否,否,轮动,38,123,771,30,2026-04-07,通信,✗,23,0,9,101,137,592
2026-04-07,通信,1,不过,16.8%,0.0%,不过,否,否,轮动,101,137,592,12,2026-04-08,通信,√,36,13,13,123,179,7
2026-04-08,通信,2,不过,20.1%,0.0%,不过,过,过,轮动,123,179,7,12,2026-04-09,通信,√,42,6,14,135,212,16
2026-04-09,通信,3,不过,19.8%,0.0%,不过,过,过,轮动,135,212,16,8,2026-04-10,通信,√,39,-3,9,77,224,11
2026-04-10,通信,4,不过,17.4%,0.0%,不过,过,过,轮动,77,224,11,7,2026-04-13,通信,√,49,10,14,75,252,47
2026-04-13,通信,5,过,19.4%,0.0%,不过,过,过,轮动,75,252,47,5,2026-04-14,通信,√,49,0,10,71,285,30
2026-04-14,通信,6,过,17.2%,0.0%,不过,过,过,轮动,71,285,30,7,2026-04-15,通信,√,41,-8,6,60,289,10
2026-04-15,通信,7,过,14.2%,0.0%,不过,过,过,轮动,60,289,10,8,2026-04-16,通信,√,50,9,15,80,356,26
2026-04-16,通信,8,过,14.0%,0.0%,不过,过,过,轮动,80,356,26,5,2026-04-17,通信,√,62,12,14,70,390,36
2026-04-17,通信,9,过,15.9%,0.0%,不过,过,过,轮动,70,390,36,5,2026-04-20,通信,√,62,0,9,72,416,49
2026-04-20,通信,10,过,14.9%,0.0%,不过,过,过,轮动,72,416,49,4,2026-04-21,通信,√,63,1,9,65,405,68
2026-04-21,通信,11,过,15.6%,0.0%,不过,过,过,轮动,65,405,68,12,2026-04-22,通信,√,73,10,14,63,479,108
2026-04-22,通信,12,过,15.2%,0.0%,不过,过,过,轮动,63,479,108,10,2026-04-23,芯片,✗,51,-22,6,59,409,192
2026-04-23,芯片,1,不过,12.5%,0.0%,不过,过,否,轮动,59,409,192,20,2026-04-24,芯片,√,49,-2,14,59,372,334
2026-04-24,芯片,2,不过,13.2%,0.0%,不过,过,过,轮动,59,372,334,13,2026-04-27,芯片,√,59,10,16,72,388,352
2026-04-27,芯片,3,不过,15.2%,0.0%,不过,过,否,轮动,72,388,352,22,2026-04-28,芯片,√,57,-2,13,54,362,348
2026-04-28,芯片,4,不过,15.7%,0.0%,不过,过,否,轮动,54,362,348,27,2026-04-29,芯片,√,55,-2,13,119,399,275
2026-04-29,芯片,5,过,13.8%,0.0%,不过,过,过,轮动,119,399,275,5,2026-04-30,芯片,√,60,5,21,79,362,155
2026-04-30,芯片,6,过,16.6%,0.0%,不过,过,否,轮动,79,362,155,34,2026-05-06,芯片,√,91,31,38,125,543,141
2026-05-06,芯片,7,过,16.8%,0.0%,不过,过,否,轮动,125,543,141,41,2026-05-07,芯片,√,111,20,26,127,643,116
2026-05-07,芯片,8,过,17.3%,0.0%,不过,过,否,轮动,127,643,116,35,2026-05-08,芯片,√,105,-6,19,126,661,91
2026-05-08,芯片,9,过,15.9%,0.0%,不过,过,过,轮动,126,661,91,1,2026-05-11,芯片,√,150,45,50,92,788,62
2026-05-11,芯片,10,过,19.0%,0.0%,不过,过,过,轮动,92,788,62,3,2026-05-12,芯片,√,150,0,17,57,736,125
2026-05-12,芯片,11,过,20.4%,0.0%,不过,过,过,轮动,57,736,125,7,2026-05-13,芯片,√,167,17,28,112,777,173
2026-05-13,芯片,12,过,21.5%,0.0%,不过,过,过,轮动,112,777,173,2,2026-05-14,芯片,√,158,-9,24,52,650,307
2026-05-14,芯片,13,过,24.3%,0.0%,不过,过,否,轮动,52,650,307,17,2026-05-15,芯片,√,121,-37,19,54,507,514
2026-05-15,芯片,14,过,23.9%,0.0%,不过,否,否,轮动,54,507,514,15,2026-05-18,芯片,√,111,-10,25,81,481,731
2026-05-18,芯片,15,过,23.1%,0.0%,不过,否,否,轮动,81,481,731,18,2026-05-19,芯片,√,139,28,42,90,535,236
2026-05-19,芯片,16,过,26.0%,0.0%,过,过,过,主升(严格),90,535,236,8,2026-05-20,芯片,√,173,34,45,61,540,531
2026-05-20,芯片,17,过,32.0%,0.0%,过,过,否,主升(宽松),61,540,531,22,2026-05-21,机器人,✗,44,-129,10,33,224,784
2026-05-21,机器人,1,不过,19.6%,0.0%,不过,否,否,轮动,33,224,784,25,2026-05-22,芯片,✗,97,53,73,115,414,1098
2026-05-22,芯片,1,不过,23.4%,0.0%,不过,否,否,轮动,115,414,1098,5,2026-05-25,芯片,√,130,33,55,103,477,785
2026-05-25,芯片,2,不过,27.3%,0.0%,过,否,否,轮动,103,477,785,15,2026-05-27,芯片,√,55,-75,8,47,274,1490
2026-05-27,芯片,3,不过,20.1%,0.0%,不过,否,否,轮动,47,274,1490,22,2026-05-28,芯片,√,75,20,30,101,336,1403
2026-05-28,芯片,4,不过,22.3%,0.0%,不过,否,否,轮动,101,336,1403,8,2026-05-29,通信,✗,32,-43,7,49,171,889
2026-05-29,通信,1,不过,18.7%,0.0%,不过,否,否,轮动,49,171,889,50,2026-06-01,电力,✗,16,-16,1,118,143,767
2026-06-01,电力,1,不过,11.2%,0.0%,不过,否,否,轮动,118,143,767,21,2026-06-02,通信,✗,31,15,19,64,187,698
2026-06-02,通信,1,不过,16.6%,0.0%,不过,否,否,轮动,64,187,698,13,2026-06-03,通信,√,37,6,12,66,217,878
2026-06-03,通信,2,不过,17.1%,0.0%,不过,否,否,轮动,66,217,878,10,2026-06-04,通信,√,43,6,12,78,213,1668
2026-06-04,通信,3,不过,20.2%,10.8%,不过,否,否,轮动,78,213,1668,7,2026-06-05,机器人,✗,29,-14,10,71,171,1277
2026-06-05,机器人,1,不过,17.0%,0.0%,不过,否,否,轮动,71,171,1277,7,2026-06-08,机器人,√,23,-6,4,55,120,1986
2026-06-08,机器人,2,不过,19.2%,0.0%,不过,否,否,轮动,55,120,1986,35,2026-06-09,通信,✗,36,13,19,127,182,1067
2026-06-09,通信,1,不过,19.8%,0.0%,不过,否,否,轮动,127,182,1067,4,2026-06-10,芯片,✗,15,-21,15,70,159,1671
2026-06-10,芯片,1,不过,9.4%,0.0%,不过,否,否,轮动,70,159,1671,22,2026-06-11,芯片,√,49,34,17,69,142,2006
2026-06-11,芯片,2,不过,34.5%,0.0%,过,否,否,轮动,69,142,2006,32,2026-06-12,通信,✗,22,-27,7,88,103,458
2026-06-12,通信,1,不过,21.4%,0.0%,不过,否,否,轮动,88,103,458,15,2026-06-15,芯片,✗,57,35,44,144,210,131
2026-06-15,芯片,1,不过,27.1%,10.5%,过,过,过,轮动,144,210,131,3,2026-06-16,通信,✗,67,10,24,116,274,526
2026-06-16,通信,1,不过,24.5%,13.1%,不过,否,否,轮动,116,274,526,7,2026-06-17,芯片,✗,99,32,40,85,329,882
2026-06-17,芯片,1,不过,30.1%,11.6%,过,否,否,轮动,85,329,882,2,2026-06-20,芯片,√,110,11,23,91,267,1371
2026-06-20,芯片,2,不过,41.2%,16.9%,过,否,否,轮动,91,267,1371,12,,,,,,,,,
2026-07-01,芯片,1,不过,34.4%,13.5%,过,过,过,轮动,149,349,11,6,2026-07-02,芯片,√,42,-78,9,91,156,58
2026-07-02,芯片,2,不过,26.9%,10.3%,过,过,否,轮动,91,156,58,40,2026-07-03,机器人,✗,28,-14,15,104,143,56
2026-07-03,机器人,1,不过,19.6%,2.8%,不过,过,否,轮动,104,143,56,19,2026-07-06,芯片,✗,26,-2,13,64,114,202
2026-07-06,芯片,1,不过,22.8%,9.6%,不过,否,否,轮动,64,114,202,45,2026-07-07,芯片,√,17,-9,7,33,79,694
2026-07-07,芯片,2,不过,21.5%,8.9%,不过,否,否,轮动,33,79,694,29,2026-07-08,芯片,√,15,-2,4,46,57,1061
2026-07-08,芯片,3,不过,26.3%,10.5%,过,否,否,轮动,46,57,1061,40,2026-07-09,芯片,√,26,11,12,74,71,1463
2026-07-09,芯片,4,不过,36.6%,16.9%,过,否,否,轮动,74,71,1463,12,2026-07-10,商业航天,✗,24,-2,0,88,59,251
2026-07-10,商业航天,1,不过,40.7%,0.0%,过,否,否,轮动,88,59,251,4,2026-07-13,医药,✗,11,-13,1,27,37,1051
2026-07-13,医药,1,不过,29.7%,24.3%,过,否,否,轮动,27,37,1051,172,2026-07-14,医药,√,13,2,3,80,36,1542
2026-07-14,医药,2,不过,36.1%,27.8%,过,否,否,轮动,80,36,1542,22,2026-07-15,医药,√,32,19,20,71,54,171
2026-07-15,医药,3,不过,59.3%,48.1%,过,否,否,轮动,71,54,171,31,2026-07-16,医药,√,20,-12,5,40,43,361
2026-07-16,医药,4,不过,46.5%,39.5%,过,否,否,轮动,40,43,361,33,2026-07-17,医药,√,7,-13,3,32,23,1260
2026-07-17,医药,5,过,30.4%,21.7%,过,否,否,主升-闸门否决,32,23,1260,192,2026-07-20,医药,√,12,5,6,53,29,1970
2026-07-20,医药,6,过,41.4%,34.5%,过,否,否,主升-闸门否决,53,29,1970,211,2026-07-21,医药,√,17,5,5,120,39,2314
2026-07-21,医药,7,过,43.6%,35.9%,过,否,否,主升-闸门否决,120,39,2314,20,2026-07-22,医药,√,13,-4,1,46,44,192
2026-07-22,医药,8,过,29.5%,25.0%,过,否,否,主升-闸门否决,46,44,192,8,2026-07-23,医药,√,9,-4,1,116,30,190
2026-07-23,医药,9,过,30.0%,26.7%,过,否,否,主升-闸门否决,116,30,190,2,2026-07-24,电力,✗,4,-5,1,40,34,242
2026-07-24,电力,1,不过,11.8%,11.8%,不过,否,否,轮动,40,34,242,24,2026-07-27,基础建设,✗,5,1,2,111,41,315
2026-07-27,基础建设,1,不过,12.2%,4.9%,不过,否,否,轮动,111,41,315,6,2026-07-28,银行,✗,4,-1,1,61,27,29
2026-07-28,银行,1,不过,14.8%,0.0%,不过,否,否,轮动,61,27,29,48,2026-07-29,银行,√,8,4,4,81,34,105
2026-07-29,银行,2,不过,23.5%,0.0%,不过,否,否,轮动,81,34,105,9,2026-07-30,银行,√,13,5,5,52,42,239
2026-07-30,银行,3,不过,31.0%,0.0%,过,否,否,轮动,52,42,239,74,2026-07-31,银行,√,13,0,0,99,50,10
2026-07-31,银行,4,不过,26.0%,0.0%,过,过,过,轮动,99,50,10,0,2026-08-03,银行,√,15,2,2,75,55,35
2026-08-03,银行,5,过,27.3%,0.0%,过,过,过,主升(严格),75,55,35,8,2026-08-04,银行,√,14,-1,0,138,65,8
2026-08-04,银行,6,过,21.5%,0.0%,不过,过,过,轮动,138,65,8,0,2026-08-05,银行,√,13,-1,0,103,69,3
2026-08-05,银行,7,过,18.8%,0.0%,不过,过,过,轮动,103,69,3,1,2026-08-06,银行,√,8,-5,0,79,56,4
2026-08-06,银行,8,过,14.3%,0.0%,不过,过,过,轮动,79,56,4,1,2026-08-07,医药,✗,17,9,12,74,74,5
2026-08-07,医药,1,不过,23.0%,16.2%,不过,过,过,轮动,74,74,5,4,2026-08-10,医药,√,27,10,14,99,84,2
2026-08-10,医药,2,不过,32.1%,23.8%,过,过,过,轮动,99,84,2,5,2026-08-11,医药,√,27,0,9,58,82,7
2026-08-11,医药,3,不过,32.9%,28.0%,过,过,过,轮动,58,82,7,1,2026-08-12,医药,√,32,5,6,92,97,8
2026-08-12,医药,4,不过,33.0%,25.8%,过,过,过,轮动,92,97,8,0,2026-08-13,医药,√,46,14,19,59,106,10
2026-08-13,医药,5,过,43.4%,31.1%,过,过,过,主升(严格),59,106,10,4,,,,,,,,,
