判定日,s1主线,登顶天数,源①,A占比,B占比,源②,判定模式,当日涨停,当日跌停,次日日期,次日质量,次日涨停,次日跌停,次日新高,次日新低
2026-01-05,商业航天,1,不过,19.2%,0.0%,不过,轮动,120,3,2026-01-06,0.974,120,1,427,7
2026-01-06,商业航天,2,不过,18.3%,0.0%,不过,轮动,120,1,2026-01-07,0.969,100,2,479,6
2026-01-07,商业航天,3,不过,15.7%,0.0%,不过,轮动,100,2,2026-01-08,0.936,92,4,537,14
2026-01-08,商业航天,4,不过,21.4%,0.0%,不过,轮动,92,4,2026-01-09,0.958,95,3,614,9
2026-01-09,商业航天,5,过,18.2%,0.0%,不过,轮动,95,3,2026-01-12,0.983,197,2,767,6
2026-01-12,商业航天,6,过,19.6%,0.0%,不过,轮动,197,2,2026-01-13,0.960,110,3,573,9
2026-01-13,人工智能,1,不过,13.8%,0.0%,不过,轮动,110,3,,,,,,
2026-01-15,人工智能,3,不过,10.7%,0.0%,不过,轮动,55,41,2026-01-16,0.795,80,8,478,59
2026-01-16,芯片,1,不过,15.9%,0.0%,不过,轮动,80,8,2026-01-19,0.831,103,5,557,69
2026-01-19,芯片,2,不过,12.0%,0.0%,不过,轮动,103,5,2026-01-20,0.773,63,16,542,31
2026-01-20,芯片,3,不过,14.2%,0.0%,不过,轮动,63,16,2026-01-21,0.875,79,3,637,55
2026-01-21,芯片,4,不过,15.4%,0.0%,不过,轮动,79,3,2026-01-22,0.853,70,7,654,43
2026-01-22,芯片,5,过,11.5%,0.0%,不过,轮动,70,7,2026-01-23,0.890,75,5,761,40
2026-01-23,芯片,6,过,9.3%,0.0%,不过,轮动,75,5,2026-01-26,0.848,80,4,725,76
2026-01-26,化工,1,不过,10.5%,0.0%,不过,轮动,80,4,2026-01-27,0.717,60,8,746,139
2026-01-27,芯片,1,不过,9.8%,0.0%,不过,轮动,60,8,2026-01-28,0.711,55,10,706,113
2026-01-28,化工,1,不过,10.9%,0.0%,不过,轮动,55,10,2026-01-29,0.564,50,12,527,161
2026-01-29,化工,2,不过,14.2%,0.0%,不过,轮动,50,12,2026-01-30,0.358,48,52,482,112
2026-01-30,化工,3,不过,13.1%,0.0%,不过,轮动,48,52,2026-02-02,-0.193,36,98,221,227
2026-02-02,机器人,1,不过,6.8%,0.0%,不过,轮动,36,98,2026-02-03,0.444,70,16,353,181
2026-02-03,通信,1,不过,7.9%,0.0%,不过,轮动,70,16,2026-02-04,0.754,68,13,396,43
2026-02-04,光伏,1,不过,7.3%,0.0%,不过,轮动,68,13,2026-02-05,0.777,44,3,323,54
2026-02-05,基础建设,1,不过,6.2%,0.0%,不过,轮动,44,3,2026-02-06,0.694,55,3,321,91
2026-02-06,化工,1,不过,6.9%,0.0%,不过,轮动,55,3,2026-02-09,0.936,83,3,424,13
2026-02-09,化工,2,不过,8.5%,0.0%,不过,轮动,83,3,2026-02-10,0.951,60,1,455,14
2026-02-10,化工,3,不过,8.4%,0.0%,不过,轮动,60,1,2026-02-11,0.859,65,5,427,32
2026-02-11,化工,4,不过,10.1%,0.0%,不过,轮动,65,5,2026-02-12,0.693,50,12,448,65
2026-02-12,化工,5,过,8.9%,0.0%,不过,轮动,50,12,2026-02-13,0.947,70,5,382,0
2026-02-13,化工,6,过,7.9%,0.0%,不过,轮动,70,5,,,,,,
2026-02-24,化工,1,不过,10.3%,0.0%,不过,轮动,109,14,2026-02-25,0.948,100,7,572,0
2026-02-25,化工,2,不过,13.3%,0.0%,不过,轮动,100,7,2026-02-26,0.963,61,3,657,0
2026-02-26,化工,3,不过,10.7%,0.0%,不过,轮动,61,3,2026-02-27,0.947,70,5,739,0
2026-02-27,化工,4,不过,9.9%,0.0%,不过,轮动,70,5,2026-03-02,0.932,75,7,712,0
2026-03-02,化工,5,过,11.0%,0.0%,不过,轮动,75,7,2026-03-03,0.918,70,8,410,0
2026-03-03,化工,6,过,11.2%,0.0%,不过,轮动,70,8,2026-03-04,0.929,72,7,363,0
2026-03-04,电力,1,不过,9.4%,0.0%,不过,轮动,72,7,2026-03-05,0.897,68,10,382,0
2026-03-05,智能电网,1,不过,9.9%,0.0%,不过,轮动,68,10,2026-03-06,0.979,74,2,436,0
2026-03-06,化工,1,不过,10.6%,0.0%,不过,轮动,74,2,2026-03-09,0.875,65,12,387,0
2026-03-09,智能电网,1,不过,13.2%,0.0%,不过,轮动,65,12,2026-03-10,0.916,68,8,435,0
2026-03-10,智能电网,2,不过,6.7%,0.0%,不过,轮动,68,8,2026-03-11,0.988,67,1,539,0
2026-03-11,电力,1,不过,10.4%,0.0%,不过,轮动,67,1,2026-03-12,0.930,52,5,511,0
2026-03-12,化工,1,不过,11.4%,0.0%,不过,轮动,52,5,2026-03-13,0.962,80,4,419,0
2026-03-13,化工,2,不过,13.1%,0.0%,不过,轮动,80,4,2026-03-17,0.867,60,12,253,0
2026-03-17,电力,1,不过,10.7%,0.0%,不过,轮动,60,12,2026-03-18,0.820,55,16,263,0
2026-03-18,电力,2,不过,12.2%,0.0%,不过,轮动,55,16,2026-03-19,-0.087,58,13,206,748
2026-03-19,电力,3,不过,12.1%,0.0%,不过,轮动,58,13,2026-03-20,-0.190,65,10,134,1244
2026-03-20,电力,4,不过,11.2%,0.0%,不过,轮动,65,10,2026-03-23,-0.248,70,8,71,2466
2026-03-23,电力,5,过,15.5%,0.0%,不过,轮动,70,8,2026-03-24,-0.034,68,7,123,490
2026-03-24,电力,6,过,21.1%,0.0%,不过,轮动,68,7,2026-03-25,0.886,72,5,164,9
2026-03-25,电力,7,过,22.6%,0.0%,不过,轮动,72,5,2026-03-26,0.255,50,14,156,141
2026-03-26,电力,8,过,19.9%,0.0%,不过,轮动,50,14,2026-03-27,0.078,60,10,161,331
2026-03-27,电力,9,过,14.9%,0.0%,不过,轮动,60,10,2026-03-30,0.169,58,6,156,266
2026-03-30,锂电池,1,不过,13.5%,0.0%,不过,轮动,58,6,2026-03-31,0.130,45,20,134,145
2026-03-31,医药,1,不过,11.2%,0.0%,不过,轮动,45,20,2026-04-01,0.672,65,9,151,36
2026-04-01,医药,2,不过,14.6%,0.0%,不过,轮动,65,9,2026-04-02,-0.016,32,10,134,295
2026-04-02,医药,3,不过,18.7%,0.0%,不过,轮动,32,10,2026-04-03,-0.388,38,30,123,771
2026-04-03,医药,4,不过,18.7%,0.0%,不过,轮动,38,30,2026-04-07,-0.059,101,12,137,592
2026-04-07,通信,1,不过,16.8%,0.0%,不过,轮动,101,12,2026-04-08,0.884,123,12,179,7
2026-04-08,通信,2,不过,20.1%,0.0%,不过,轮动,123,12,2026-04-09,0.871,135,8,212,16
2026-04-09,通信,3,不过,19.8%,0.0%,不过,轮动,135,8,2026-04-10,0.877,77,7,224,11
2026-04-10,通信,4,不过,17.4%,0.0%,不过,轮动,77,7,2026-04-13,0.761,75,5,252,47
2026-04-13,通信,5,过,19.4%,0.0%,不过,轮动,75,5,2026-04-14,0.814,71,7,285,30
2026-04-14,通信,6,过,17.2%,0.0%,不过,轮动,71,7,2026-04-15,0.866,60,8,289,10
2026-04-15,通信,7,过,14.2%,0.0%,不过,轮动,60,8,2026-04-16,0.871,80,5,356,26
2026-04-16,通信,8,过,14.0%,0.0%,不过,轮动,80,5,2026-04-17,0.845,70,5,390,36
2026-04-17,通信,9,过,15.9%,0.0%,不过,轮动,70,5,2026-04-20,0.831,72,4,416,49
2026-04-20,通信,10,过,14.9%,0.0%,不过,轮动,72,4,2026-04-21,0.703,65,12,405,68
2026-04-21,通信,11,过,15.6%,0.0%,不过,轮动,65,12,2026-04-22,0.670,63,10,479,108
2026-04-22,通信,12,过,15.2%,0.0%,不过,轮动,63,10,2026-04-23,0.414,59,20,409,192
2026-04-23,芯片,1,不过,12.5%,0.0%,不过,轮动,59,20,2026-04-24,0.288,59,13,372,334
2026-04-24,芯片,2,不过,13.2%,0.0%,不过,轮动,59,13,2026-04-27,0.242,72,22,388,352
2026-04-27,芯片,3,不过,15.2%,0.0%,不过,轮动,72,22,2026-04-28,0.145,54,27,362,348
2026-04-28,芯片,4,不过,15.7%,0.0%,不过,轮动,54,27,2026-04-29,0.478,119,5,399,275
2026-04-29,芯片,5,过,13.8%,0.0%,不过,轮动,119,5,2026-04-30,0.400,79,34,362,155
2026-04-30,芯片,6,过,16.6%,0.0%,不过,轮动,79,34,2026-05-06,0.555,125,41,543,141
2026-05-06,芯片,7,过,16.8%,0.0%,不过,轮动,125,41,2026-05-07,0.644,127,35,643,116
2026-05-07,芯片,8,过,17.3%,0.0%,不过,轮动,127,35,2026-05-08,0.848,126,1,661,91
2026-05-08,芯片,9,过,15.9%,0.0%,不过,轮动,126,1,2026-05-11,0.887,92,3,788,62
2026-05-11,芯片,10,过,19.0%,0.0%,不过,轮动,92,3,2026-05-12,0.738,57,7,736,125
2026-05-12,芯片,11,过,20.4%,0.0%,不过,轮动,57,7,2026-05-13,0.767,112,2,777,173
2026-05-13,芯片,12,过,21.5%,0.0%,不过,轮动,112,2,2026-05-14,0.418,52,17,650,307
2026-05-14,芯片,13,过,24.3%,0.0%,不过,轮动,52,17,2026-05-15,0.222,54,15,507,514
2026-05-15,芯片,14,过,23.9%,0.0%,不过,轮动,54,15,2026-05-18,0.131,81,18,481,731
2026-05-18,芯片,15,过,23.1%,0.0%,不过,轮动,81,18,2026-05-19,0.567,90,8,535,236
2026-05-19,芯片,16,过,26.0%,0.0%,过,主升候选,90,8,2026-05-20,0.193,61,22,540,531
2026-05-20,芯片,17,过,32.0%,0.0%,过,主升候选,61,22,2026-05-21,-0.278,33,25,224,784
2026-05-21,机器人,1,不过,19.6%,0.0%,不过,轮动,33,25,2026-05-22,0.095,115,5,414,1098
2026-05-22,芯片,1,不过,23.4%,0.0%,不过,轮动,115,5,2026-05-25,0.152,103,15,477,785
2026-05-25,芯片,2,不过,27.3%,0.0%,过,轮动,103,15,2026-05-27,-0.269,47,22,274,1490
2026-05-27,芯片,3,不过,20.1%,0.0%,不过,轮动,47,22,2026-05-28,-0.027,101,8,336,1403
2026-05-28,芯片,4,不过,22.3%,0.0%,不过,轮动,101,8,2026-05-29,-0.410,49,50,171,889
2026-05-29,通信,1,不过,18.7%,0.0%,不过,轮动,49,50,2026-06-01,-0.132,118,21,143,767
2026-06-01,电力,1,不过,11.2%,0.0%,不过,轮动,118,21,2026-06-02,-0.082,64,13,187,698
2026-06-02,通信,1,不过,16.6%,0.0%,不过,轮动,64,13,2026-06-03,-0.067,66,10,217,878
2026-06-03,通信,2,不过,17.1%,0.0%,不过,轮动,66,10,2026-06-04,-0.130,78,7,213,1668
2026-06-04,通信,3,不过,20.2%,10.8%,不过,轮动,78,7,2026-06-05,-0.130,71,7,171,1277
2026-06-05,机器人,1,不过,17.0%,0.0%,不过,轮动,71,7,2026-06-08,-0.443,55,35,120,1986
2026-06-08,机器人,2,不过,19.2%,0.0%,不过,轮动,55,35,2026-06-09,-0.050,127,4,182,1067
2026-06-09,通信,1,不过,19.8%,0.0%,不过,轮动,127,4,2026-06-10,-0.287,70,22,159,1671
2026-06-10,芯片,1,不过,9.4%,0.0%,不过,轮动,70,22,2026-06-11,-0.374,69,32,142,2006
2026-06-11,芯片,2,不过,34.5%,0.0%,过,轮动,69,32,2026-06-12,-0.096,88,15,103,458
2026-06-12,通信,1,不过,21.4%,0.0%,不过,轮动,88,15,2026-06-15,0.523,144,3,210,131
2026-06-15,芯片,1,不过,27.1%,10.5%,过,轮动,144,3,2026-06-16,0.165,116,7,274,526
2026-06-16,通信,1,不过,24.5%,13.1%,不过,轮动,116,7,2026-06-17,0.108,85,2,329,882
2026-06-17,芯片,1,不过,30.1%,11.6%,过,轮动,85,2,2026-06-20,-0.098,91,12,267,1371
2026-06-20,芯片,2,不过,41.2%,16.9%,过,轮动,91,12,,,,,,
2026-07-01,芯片,1,不过,34.4%,13.5%,过,轮动,149,6,2026-07-02,0.430,91,40,156,58
2026-07-02,芯片,2,不过,26.9%,10.3%,过,轮动,91,40,2026-07-03,0.539,104,19,143,56
2026-07-03,机器人,1,不过,19.6%,2.8%,不过,轮动,104,19,2026-07-06,-0.097,64,45,114,202
2026-07-06,芯片,1,不过,22.8%,9.6%,不过,轮动,64,45,2026-07-07,-0.452,33,29,79,694
2026-07-07,芯片,2,不过,21.5%,8.9%,不过,轮动,33,29,2026-07-08,-0.511,46,40,57,1061
2026-07-08,芯片,3,不过,26.3%,10.5%,过,轮动,46,40,2026-07-09,-0.256,74,12,71,1463
2026-07-09,芯片,4,不过,36.6%,16.9%,过,轮动,74,12,2026-07-10,-0.006,88,4,59,251
2026-07-10,商业航天,1,不过,40.7%,0.0%,过,轮动,88,4,2026-07-13,-0.851,27,172,37,1051
2026-07-13,医药,1,不过,29.7%,24.3%,过,轮动,27,172,2026-07-14,-0.345,80,22,36,1542
2026-07-14,医药,2,不过,36.1%,27.8%,过,轮动,80,22,2026-07-15,-0.155,71,31,54,171
2026-07-15,医药,3,不过,59.3%,48.1%,过,轮动,71,31,2026-07-16,-0.434,40,33,43,361
2026-07-16,医药,4,不过,46.5%,39.5%,过,轮动,40,33,2026-07-17,-0.864,32,192,23,1260
2026-07-17,医药,5,过,30.4%,21.7%,过,主升候选,32,192,2026-07-20,-0.822,53,211,29,1970
2026-07-20,医药,6,过,41.4%,34.5%,过,主升候选,53,211,2026-07-21,-0.294,120,20,39,2314
2026-07-21,医药,7,过,43.6%,35.9%,过,主升候选,120,20,2026-07-22,-0.095,46,8,44,192
2026-07-22,医药,8,过,29.5%,25.0%,过,主升候选,46,8,2026-07-23,-0.050,116,2,30,190
2026-07-23,医药,9,过,30.0%,26.7%,过,主升候选,116,2,2026-07-24,-0.352,40,24,34,242
2026-07-24,电力,1,不过,11.8%,11.8%,不过,轮动,40,24,2026-07-27,-0.103,111,6,41,315
2026-07-27,基础建设,1,不过,12.2%,4.9%,不过,轮动,111,6,2026-07-28,0.026,61,48,27,29
2026-07-28,银行,1,不过,14.8%,0.0%,不过,轮动,61,48,2026-07-29,0.014,81,9,34,105
2026-07-29,银行,2,不过,23.5%,0.0%,不过,轮动,81,9,2026-07-30,-0.490,52,74,42,239
2026-07-30,银行,3,不过,31.0%,0.0%,过,轮动,52,74,2026-07-31,0.800,99,0,50,10
2026-07-31,银行,4,不过,26.0%,0.0%,过,轮动,99,0,2026-08-03,0.456,75,8,55,35
2026-08-03,银行,5,过,27.3%,0.0%,过,主升候选,75,8,2026-08-04,0.868,138,0,65,8
2026-08-04,银行,6,过,21.5%,0.0%,不过,轮动,138,0,2026-08-05,0.942,103,1,69,3
2026-08-05,银行,7,过,18.8%,0.0%,不过,轮动,103,1,2026-08-06,0.910,79,1,56,4
2026-08-06,银行,8,过,14.3%,0.0%,不过,轮动,79,1,2026-08-07,0.883,74,4,74,5
2026-08-07,医药,1,不过,23.0%,16.2%,不过,轮动,74,4,2026-08-10,0.934,99,5,84,2
2026-08-10,医药,2,不过,32.1%,23.8%,过,轮动,99,5,2026-08-11,0.892,58,1,82,7
2026-08-11,医药,3,不过,32.9%,28.0%,过,轮动,58,1,2026-08-12,0.909,92,0,97,8
2026-08-12,医药,4,不过,33.0%,25.8%,过,轮动,92,0,2026-08-13,0.846,59,4,106,10
2026-08-13,医药,5,过,43.4%,31.1%,过,主升候选,59,4,,,,,,
