代码,名称,收盘价,涨幅%,量比,标签,板块
301092.SZ,争光股份,58.91,20.0,1.98,首次★,其他
688305.SH,科德数控,75.56,12.37,3.09,首次★,其他
002458.SZ,益生股份,9.41,10.06,3.14,首次★,农林牧渔
603505.SH,金石资源,24.39,10.01,3.08,首次★,其他
603137.SH,恒尚节能,15.65,9.98,0.24,首次★,其他
688103.SH,国力电子,74.85,7.51,1.31,首次★,电子
600601.SH,方正科技,14.92,6.8,1.86,首次★,电子信息
300655.SZ,晶瑞电材,21.93,5.89,1.17,首次★,其他
600458.SH,时代新材,17.44,5.12,1.4,首次★,塑料制品
688506.SH,百利天恒,335.5,4.88,1.55,首次★,其他
603669.SH,灵康药业,6.06,4.3,0.94,首次★,其它行业
301603.SZ,乔锋智能,144.73,4.23,1.45,首次★,人工智能
600350.SH,山东高速,11.82,4.23,1.41,首次★,公路桥梁
688371.SH,XD菲沃泰,41.29,4.01,1.31,首次★,其他
002211.SZ,ST宏达,4.2,3.7,1.63,首次★,化工行业
300907.SZ,康平科技,58.8,3.69,1.16,首次★,其他
002025.SZ,航天电器,83.1,3.62,1.01,首次★,电子器件
300661.SZ,圣邦股份,142.0,3.49,1.52,首次★,其他
300568.SZ,星源材质,20.34,3.46,1.45,首次★,其他
688257.SH,新锐股份,108.49,3.42,1.56,首次★,其他
300562.SZ,乐心医疗,14.89,3.4,1.48,首次★,医药
300938.SZ,信测标准,54.3,3.29,1.15,首次★,其他
300964.SZ,本川智能,83.0,3.25,1.34,首次★,人工智能
301307.SZ,美利信,79.28,3.03,1.25,首次★,其他
688345.SH,博力威,62.09,2.8,1.65,首次★,其他
688221.SH,前沿生物,27.33,2.78,1.43,首次★,医药
301237.SZ,和顺科技,80.37,2.64,1.15,首次★,其他
300717.SZ,华信新材,22.6,2.22,0.69,首次★,其他
600177.SH,雅戈尔,7.83,1.95,1.55,首次★,服装鞋类
300041.SZ,回天新材,15.68,1.88,1.37,首次★,化工行业
688362.SH,甬矽电子,92.99,1.84,1.17,首次★,电子
603757.SH,大元泵业,74.07,1.77,0.78,首次★,其他
688059.SH,华锐精密,217.77,1.29,1.57,首次★,其他
688112.SH,鼎阳科技,80.3,1.04,1.43,首次★,其他
603006.SH,联明股份,14.61,1.04,1.21,首次★,汽车制造
603978.SH,深圳新星,33.51,0.9,0.82,首次★,其他
002935.SZ,天奥电子,23.02,0.0,1.32,首次★,电子
300727.SZ,润禾材料,38.68,-0.26,0.99,首次★,其他
002056.SZ,横店东磁,30.66,-0.33,1.08,首次★,电子器件
600520.SH,三佳科技,36.68,-0.33,0.78,首次★,机械行业
688629.SH,华丰科技,179.4,-0.64,1.09,首次★,其他
300263.SZ,隆华科技,16.6,-0.66,1.11,首次★,机械行业
600909.SH,华安证券,11.95,-2.21,1.02,首次★,金融
688017.SH,绿的谐波,413.05,-2.58,1.3,首次★,其他
688511.SH,天微电子,31.0,-2.61,1.27,首次★,电子
688216.SH,气派科技,51.3,20.0,1.91,持续,其他
002559.SZ,亚威股份,15.38,10.01,0.95,持续,机械行业
600641.SH,先导基电,48.24,10.01,0.7,持续,房地产
605020.SH,永和股份,48.39,10.0,1.28,持续,其他
601678.SH,滨化股份,7.7,10.0,0.95,持续,化工行业
002354.SZ,天娱数科,10.34,10.0,0.19,持续,电子信息
600630.SH,龙头股份,10.69,9.98,1.22,持续,纺织行业
603078.SH,江化微,56.9,8.05,1.33,持续,其他
600322.SH,津投城开,3.09,8.04,1.69,持续,房地产
002653.SZ,海思科,78.8,8.0,1.82,持续,生物制药
603823.SH,百合花,61.22,7.82,0.88,持续,其他
605178.SH,时空科技,112.28,7.65,1.3,持续,其他
002167.SZ,东方锆业,26.05,7.29,1.17,持续,有色金属
002422.SZ,科伦药业,44.75,6.67,1.77,持续,生物制药
301045.SZ,天禄科技,98.31,6.18,1.7,持续,其他
301588.SZ,美新科技,48.88,5.73,1.5,持续,其他
603270.SH,金帝股份,34.88,5.7,1.63,持续,其他
688571.SH,杭华股份,11.06,5.33,2.83,持续,其他
002955.SZ,鸿合科技,37.54,5.21,1.26,持续,其他
300720.SZ,海川智能,115.74,4.93,1.04,持续,人工智能
688266.SH,泽璟制药,136.31,4.85,1.5,持续,医药
688163.SH,赛伦生物,51.4,4.54,1.51,持续,医药
300873.SZ,海晨股份,30.01,4.49,2.66,持续,其他
603607.SH,京华激光,26.6,4.07,1.28,持续,其他
688578.SH,艾力斯,130.87,4.02,1.73,持续,其他
600366.SH,宁波韵升,16.63,4.0,1.47,持续,仪器仪表
603257.SH,中国瑞林,84.2,3.95,1.02,持续,其他
000970.SZ,中科三环,16.1,3.94,1.55,持续,电子信息
000725.SZ,京东方Ａ,9.1,3.76,1.28,持续,电子器件
301365.SZ,矩阵股份,39.93,3.71,1.97,持续,其他
301072.SZ,中捷精工,43.09,3.58,1.36,持续,其他
600857.SH,宁波中百,22.63,3.29,1.26,持续,商业百货
300985.SZ,致远新能,41.39,3.29,1.1,持续,其他
688689.SH,银河微电,80.0,3.23,1.48,持续,其他
301281.SZ,科源制药,58.05,3.13,1.61,持续,医药
603120.SH,肯特催化,60.37,2.86,2.19,持续,其他
002687.SZ,乔治白,5.54,2.03,0.7,持续,服装鞋类
001229.SZ,魅视科技,37.5,1.52,1.15,持续,其他
600378.SH,XD昊华科,82.17,1.44,1.19,持续,化工行业
301617.SZ,博苑新材,66.21,1.24,1.3,持续,其他
301607.SZ,富特科技,52.22,1.22,1.03,持续,其他
688391.SH,钜泉科技,36.0,1.21,1.42,持续,其他
688117.SH,圣诺生物,29.2,1.11,1.25,持续,医药
688072.SH,拓荆科技,832.0,1.09,0.93,持续,其他
603223.SH,恒通股份,13.46,0.75,0.93,持续,其他
300671.SZ,富满微,92.24,0.55,1.14,持续,其他
688432.SH,有研硅,45.91,0.24,1.07,持续,其他
301328.SZ,维峰电子,80.66,0.07,1.26,持续,电子
603379.SH,三美股份,83.48,0.0,2.17,持续,其他
688207.SH,格灵深瞳,22.58,-0.04,1.32,持续,其他
605208.SH,永茂泰,16.47,-0.48,1.27,持续,其他
688168.SH,安博通,71.98,-0.62,0.84,持续,其他
300420.SZ,五洋自控,9.5,-0.63,0.78,持续,机械行业
001331.SZ,胜通能源,61.6,-0.68,1.15,持续,电力
002079.SZ,苏州固锝,14.49,-0.75,0.96,持续,电子器件
002407.SZ,多氟多,54.82,-0.78,2.8,持续,化工行业
002317.SZ,众生药业,26.49,-0.82,1.24,持续,生物制药
688486.SH,龙迅股份,63.85,-0.84,1.0,持续,其他
002747.SZ,埃斯顿,40.7,-0.88,2.08,持续,机械行业
688219.SH,会通股份,12.87,-0.92,0.93,持续,其他
001256.SZ,炜冈科技,29.7,-1.07,2.69,持续,其他
603662.SH,柯力传感,73.82,-1.09,1.6,持续,其他
300558.SZ,贝达药业,67.2,-1.1,1.02,持续,医药
300234.SZ,开尔新材,11.6,-1.11,0.9,持续,陶瓷行业
300801.SZ,泰和科技,34.99,-1.3,0.82,持续,其他
688173.SH,希荻微,18.81,-1.36,1.47,持续,其他
300083.SZ,创世纪,13.47,-1.39,1.03,持续,电子器件
688549.SH,中巨芯,40.01,-1.45,1.07,持续,其他
688209.SH,英集芯,28.54,-1.59,1.09,持续,其他
300440.SZ,运达科技,21.52,-1.65,0.98,持续,电子信息
600160.SH,巨化股份,54.83,-1.83,1.13,持续,化工行业
301555.SZ,惠柏新材,45.85,-2.18,1.0,持续,其他
603519.SH,立霸股份,15.58,-2.2,1.02,持续,家电行业
603991.SH,领先股份,151.1,-2.69,1.23,持续,其他
688105.SH,诺唯赞,18.05,-2.96,0.84,持续,其他
