date,equity
2020-01-02,1000000.0
2020-01-03,1000000.0
2020-01-06,998772.7000000001
2020-01-07,1004514.2
2020-01-08,987326.5
2020-01-09,1004276.4999999999
2020-01-10,995162.3999999998
2020-01-13,995473.9999999998
2020-01-14,985297.4999999999
2020-01-15,973860.8999999997
2020-01-16,961409.5999999996
2020-01-17,952867.5999999999
2020-01-20,959136.3999999999
2020-01-21,954169.7999999999
2020-01-22,948127.2
2020-01-23,896523.3999999999
2020-02-03,852019.2
2020-02-04,871162.4999999999
2020-02-05,891825.1999999998
2020-02-06,909951.5999999999
2020-02-07,908831.5999999996
2020-02-10,887958.6999999996
2020-02-11,870398.0999999995
2020-02-12,887170.0999999995
2020-02-13,863999.9999999997
2020-02-14,864762.9999999997
2020-02-17,906973.3999999997
2020-02-18,921087.1999999996
2020-02-19,903716.2999999995
2020-02-20,928917.3999999994
2020-02-21,971158.9999999994
2020-02-24,1013483.8999999993
2020-02-25,1008615.9999999992
2020-02-26,954866.6999999991
2020-02-27,956609.4999999992
2020-02-28,893130.3999999993
2020-03-02,911171.5999999994
2020-03-03,930789.5999999994
2020-03-04,945026.4999999995
2020-03-05,966576.0999999995
2020-03-06,971249.9999999995
2020-03-09,931738.3999999994
2020-03-10,968548.7999999995
2020-03-11,960729.6999999995
2020-03-12,945578.1999999995
2020-03-13,934289.2999999996
2020-03-16,906028.2999999995
2020-03-17,909452.8999999994
2020-03-18,857950.5999999993
2020-03-19,854937.7999999992
2020-03-20,854937.7999999992
2020-03-23,854937.7999999992
2020-03-24,854519.7999999991
2020-03-25,859412.1999999991
2020-03-26,855031.1999999991
2020-03-27,858162.5999999992
2020-03-30,830996.7999999992
2020-03-31,832074.7999999993
2020-04-01,807730.4999999994
2020-04-02,808282.9999999994
2020-04-03,808282.9999999994
2020-04-07,808082.8999999994
2020-04-08,808045.0999999994
2020-04-09,807220.9999999994
2020-04-10,770434.4999999995
2020-04-13,780196.0999999995
2020-04-14,778488.9999999995
2020-04-15,777504.1999999995
2020-04-16,776427.0999999995
2020-04-17,771439.3999999996
2020-04-20,770294.2999999996
2020-04-21,762861.5999999996
2020-04-22,753696.4999999995
2020-04-23,750740.8999999996
2020-04-24,708852.4999999997
2020-04-27,703902.1999999997
2020-04-28,695113.2999999997
2020-04-29,683739.2999999997
2020-04-30,683739.2999999997
2020-05-06,683739.2999999997
2020-05-07,683739.2999999997
2020-05-08,682987.6999999996
2020-05-11,686806.9999999997
2020-05-12,692404.1999999997
2020-05-13,703222.7999999997
2020-05-14,689707.7999999998
2020-05-15,679887.4999999998
2020-05-18,693503.5999999999
2020-05-19,703585.0999999999
2020-05-20,684079.5999999996
2020-05-21,684307.1999999997
2020-05-22,664267.1999999997
2020-05-25,664267.1999999997
2020-05-26,664267.1999999997
2020-05-27,664267.1999999997
2020-05-28,663529.3999999998
2020-05-29,682516.8999999997
2020-06-01,700526.0999999997
2020-06-02,679493.1999999998
2020-06-03,664879.7999999999
2020-06-04,668453.2
2020-06-05,662756.2999999998
2020-06-08,644104.3999999998
2020-06-09,644118.5999999999
2020-06-10,658507.0999999999
2020-06-11,641961.2
2020-06-12,638018.3999999999
2020-06-15,643767.6
2020-06-16,645144.7999999999
2020-06-17,644648.8
2020-06-18,638832.9
2020-06-19,648126.3
2020-06-22,653138.1000000001
2020-06-23,653695.0000000002
2020-06-24,645576.2000000001
2020-06-29,642019.9
2020-06-30,650171.2000000001
2020-07-01,643144.8
2020-07-02,638632.7000000001
2020-07-03,648267.7
2020-07-06,657435.0
2020-07-07,672027.9
2020-07-08,680606.2999999999
2020-07-09,710232.7
2020-07-10,704242.0
2020-07-13,734147.2
2020-07-14,734450.7
2020-07-15,712187.1
2020-07-16,677555.7000000001
2020-07-17,677473.6
2020-07-20,695677.0
2020-07-21,694902.8
2020-07-22,695856.2000000001
2020-07-23,687578.0000000001
2020-07-24,655343.7000000001
2020-07-27,641253.4
2020-07-28,648156.9
2020-07-29,678075.5
2020-07-30,689023.2
2020-07-31,697273.0999999999
2020-08-03,711753.9999999999
2020-08-04,698849.1999999998
2020-08-05,710974.7
2020-08-06,693550.2999999998
2020-08-07,684011.0999999999
2020-08-10,682760.4999999998
2020-08-11,657684.6999999998
2020-08-12,646694.0999999999
2020-08-13,636911.3999999997
2020-08-14,651238.2999999997
2020-08-17,659742.9999999998
2020-08-18,661459.0999999997
2020-08-19,663825.4999999998
2020-08-20,643680.9999999998
2020-08-21,639960.6999999997
2020-08-24,644861.4999999998
2020-08-25,640970.5999999997
2020-08-26,624290.7999999997
2020-08-27,642420.0999999997
2020-08-28,645173.5999999997
2020-08-31,649028.9999999998
2020-09-01,650482.6999999997
2020-09-02,669036.2999999998
2020-09-03,659490.6999999997
2020-09-04,657952.7999999997
2020-09-07,640117.4999999998
2020-09-08,637408.1999999998
2020-09-09,610811.0999999999
2020-09-10,562911.5999999999
2020-09-11,561565.0999999999
2020-09-14,568036.8999999999
2020-09-15,562824.1999999998
2020-09-16,562126.6999999997
2020-09-17,548199.2999999997
2020-09-18,548995.8999999997
2020-09-21,559344.1999999997
2020-09-22,543530.3999999997
2020-09-23,534807.6999999997
2020-09-24,524441.0999999996
2020-09-25,526836.9999999998
2020-09-28,518767.5999999997
2020-09-29,530905.3999999997
2020-09-30,530731.7999999997
2020-10-09,530731.7999999997
2020-10-12,530731.7999999997
2020-10-13,530542.4999999998
2020-10-14,534000.5999999997
2020-10-15,523493.2999999997
2020-10-16,516665.59999999974
2020-10-19,511529.8999999997
2020-10-20,512007.5999999997
2020-10-21,503887.09999999974
2020-10-22,501465.59999999974
2020-10-23,498888.7999999998
2020-10-26,500869.39999999985
2020-10-27,497941.9999999998
2020-10-28,497941.9999999998
2020-10-29,497941.9999999998
2020-10-30,497941.9999999998
2020-11-02,497941.9999999998
2020-11-03,497941.9999999998
2020-11-04,497941.9999999998
2020-11-05,497579.1999999998
2020-11-06,485505.49999999977
2020-11-09,484629.6999999997
2020-11-10,474060.4999999997
2020-11-11,465251.79999999976
2020-11-12,473955.09999999974
2020-11-13,470322.1999999997
2020-11-16,472607.79999999976
2020-11-17,461210.89999999985
2020-11-18,466779.5999999998
2020-11-19,468556.69999999984
2020-11-20,463735.7999999999
2020-11-23,475455.6999999999
2020-11-24,471583.9999999999
2020-11-25,470045.59999999986
2020-11-26,461878.2999999999
2020-11-27,458554.69999999984
2020-11-30,458739.8999999998
2020-12-01,457995.8999999998
2020-12-02,457995.8999999998
2020-12-03,457502.59999999974
2020-12-04,450689.8999999998
2020-12-07,454894.69999999984
2020-12-08,453416.2999999999
2020-12-09,445542.7999999998
2020-12-10,441942.8999999998
2020-12-11,440516.8999999998
2020-12-14,440516.8999999998
2020-12-15,440516.8999999998
2020-12-16,440516.8999999998
2020-12-17,440516.8999999998
2020-12-18,440516.8999999998
2020-12-21,440516.8999999998
2020-12-22,440175.19999999984
2020-12-23,442740.5999999998
2020-12-24,444096.2999999998
2020-12-25,447430.7999999998
2020-12-28,445035.5999999998
2020-12-29,445035.5999999998
2020-12-30,445035.5999999998
2020-12-31,445035.5999999998
2021-01-04,445035.5999999998
2021-01-05,444764.69999999984
2021-01-06,433491.6999999998
2021-01-07,449286.0999999998
2021-01-08,449657.2999999998
2021-01-11,444603.19999999984
2021-01-12,444603.19999999984
2021-01-13,444603.19999999984
2021-01-14,444603.19999999984
2021-01-15,444603.19999999984
2021-01-18,444603.19999999984
2021-01-19,444442.9999999999
2021-01-20,449950.4999999999
2021-01-21,453505.29999999993
2021-01-22,459004.79999999993
2021-01-25,455951.9999999999
2021-01-26,450999.09999999986
2021-01-27,455994.3999999999
2021-01-28,446882.59999999986
2021-01-29,447579.7999999999
2021-02-01,447579.7999999999
2021-02-02,447579.7999999999
2021-02-03,447579.7999999999
2021-02-04,447579.7999999999
2021-02-05,447579.7999999999
2021-02-08,447579.7999999999
2021-02-09,447579.7999999999
2021-02-10,447579.7999999999
2021-02-18,447340.59999999986
2021-02-19,446433.3999999999
2021-02-22,428042.3999999999
2021-02-23,430710.29999999993
2021-02-24,417625.6999999999
2021-02-25,423571.09999999986
2021-02-26,404970.09999999986
2021-03-01,404577.2999999999
2021-03-02,399811.6999999999
2021-03-03,402382.6999999999
2021-03-04,395455.89999999985
2021-03-05,395590.79999999993
2021-03-08,389324.4
2021-03-09,391127.4
2021-03-10,384594.4
2021-03-11,384144.60000000003
2021-03-12,384144.60000000003
2021-03-15,384095.4
2021-03-16,383263.70000000007
2021-03-17,383123.30000000005
2021-03-18,384894.20000000007
2021-03-19,387191.00000000006
2021-03-22,393889.9
2021-03-23,389303.20000000007
2021-03-24,375419.60000000003
2021-03-25,380136.2000000001
2021-03-26,378805.1000000001
2021-03-29,382517.6000000001
2021-03-30,381807.1000000001
2021-03-31,380231.2000000001
2021-04-01,372851.30000000005
2021-04-02,370902.9000000001
2021-04-06,370923.80000000016
2021-04-07,371207.40000000014
2021-04-08,368402.2000000002
2021-04-09,366648.9000000002
2021-04-12,364692.9000000002
2021-04-13,355220.0000000002
2021-04-14,357506.90000000014
2021-04-15,358345.7000000002
2021-04-16,362568.40000000014
2021-04-19,359372.1000000002
2021-04-20,356280.40000000026
2021-04-21,353389.80000000016
2021-04-22,353805.20000000024
2021-04-23,347263.3000000002
2021-04-26,342019.20000000024
2021-04-27,345898.8000000002
2021-04-28,349743.9000000002
2021-04-29,351147.4000000002
2021-04-30,351717.9000000002
2021-05-06,351717.9000000002
2021-05-07,351717.9000000002
2021-05-10,351717.9000000002
2021-05-11,351717.9000000002
2021-05-12,351717.9000000002
2021-05-13,351290.40000000014
2021-05-14,352485.40000000014
2021-05-17,347943.40000000014
2021-05-18,356734.2000000002
2021-05-19,353842.0000000001
2021-05-20,353353.3000000001
2021-05-21,347967.30000000016
2021-05-24,342459.00000000023
2021-05-25,349777.7000000002
2021-05-26,351164.30000000016
2021-05-27,352288.8111694043
2021-05-28,354924.213078003
2021-05-31,358122.513078003
2021-06-01,363202.61307800305
2021-06-02,357828.61307800305
2021-06-03,351887.11307800305
2021-06-04,354409.11307800305
2021-06-07,355600.41307800304
2021-06-08,358787.31307800306
2021-06-09,354771.31307800306
2021-06-10,349779.213078003
2021-06-11,351463.213078003
2021-06-15,348717.213078003
2021-06-16,350533.813078003
2021-06-17,355368.313078003
2021-06-18,355719.41307800304
2021-06-21,356290.21307800314
2021-06-22,354901.0130780031
2021-06-23,354125.1130780031
2021-06-24,347124.0130780031
2021-06-25,344362.513078003
2021-06-28,347694.213078003
2021-06-29,341136.31307800295
2021-06-30,343583.11307800293
2021-07-01,332745.613078003
2021-07-02,333647.613078003
2021-07-05,334851.81307800295
2021-07-06,328231.813078003
2021-07-07,330672.5130780031
2021-07-08,330711.11307800305
2021-07-09,335331.81307800306
2021-07-12,342003.7130780031
2021-07-13,342542.11307800305
2021-07-14,340519.3130780031
2021-07-15,341952.51307800313
2021-07-16,350110.9130780031
2021-07-19,357748.31307800306
2021-07-20,355947.4130780031
2021-07-21,355947.4130780031
2021-07-22,355947.4130780031
2021-07-23,355510.0130780031
2021-07-26,354982.31307800306
2021-07-27,339670.41307800304
2021-07-28,338000.91307800304
2021-07-29,338000.91307800304
2021-07-30,338000.91307800304
2021-08-02,337591.61307800305
2021-08-03,330577.91307800304
2021-08-04,337097.5130780031
2021-08-05,332542.11307800305
2021-08-06,335778.91307800304
2021-08-09,334069.813078003
2021-08-10,341880.91307800304
2021-08-11,341528.713078003
2021-08-12,346523.713078003
2021-08-13,353351.81307800306
2021-08-16,350296.4130780031
2021-08-17,335314.31307800306
2021-08-18,338006.3130780031
2021-08-19,343692.7130780031
2021-08-20,340597.7130780031
2021-08-23,344962.0130780031
2021-08-24,344687.61307800305
2021-08-25,342379.11307800305
2021-08-26,343774.11307800305
2021-08-27,344376.013078003
2021-08-30,351103.713078003
2021-08-31,347982.0130780031
2021-09-01,338961.2130780031
2021-09-02,348806.81307800306
2021-09-03,337933.81307800306
2021-09-06,338923.7130780031
2021-09-07,347779.1130780031
2021-09-08,362715.51307800313
2021-09-09,370443.7130780031
2021-09-10,362153.2130780031
2021-09-13,365355.4130780031
2021-09-14,352868.81307800306
2021-09-15,352073.11307800305
2021-09-16,345027.8130780031
2021-09-17,343556.8130780031
2021-09-22,348539.9130780031
2021-09-23,354940.1130780031
2021-09-24,350384.41307800316
2021-09-27,335792.6130780031
2021-09-28,357499.51307800313
2021-09-29,343113.61307800317
2021-09-30,342757.3130780031
2021-10-08,342757.3130780031
2021-10-11,342596.1130780031
2021-10-12,342308.3130780031
2021-10-13,329136.11307800317
2021-10-14,338234.1130780031
2021-10-15,334748.2130780031
2021-10-18,337279.9130780032
2021-10-19,336920.61307800317
2021-10-20,335756.61307800317
2021-10-21,334107.2130780032
2021-10-22,325801.1130780032
2021-10-25,325801.1130780032
2021-10-26,325801.1130780032
2021-10-27,325801.1130780032
2021-10-28,325801.1130780032
2021-10-29,325801.1130780032
2021-11-01,325801.1130780032
2021-11-02,325801.1130780032
2021-11-03,325410.65217237343
2021-11-04,334158.0832068892
2021-11-05,334535.7017349519
2021-11-08,329626.40173495194
2021-11-09,333605.3017349519
2021-11-10,334080.8017349519
2021-11-11,335136.70173495193
2021-11-12,340351.10173495195
2021-11-15,341516.60173495195
2021-11-16,335458.00173495186
2021-11-17,334676.80173495185
2021-11-18,329335.4017349518
2021-11-19,331162.80173495185
2021-11-22,336639.00173495186
2021-11-23,345696.30173495185
2021-11-24,347342.0017349518
2021-11-25,346076.5017349518
2021-11-26,343219.6017349518
2021-11-29,353393.00173495174
2021-11-30,355512.6017349518
2021-12-01,349124.6017349518
2021-12-02,341336.7017349518
2021-12-03,339505.2017349519
2021-12-06,336475.30173495185
2021-12-07,328672.7017349518
2021-12-08,335783.9017349518
2021-12-09,336573.90173495177
2021-12-10,327397.20173495176
2021-12-13,326031.00173495174
2021-12-14,324340.0017349518
2021-12-15,317959.20173495176
2021-12-16,323377.6017349517
2021-12-17,316767.5017349518
2021-12-20,312319.20173495176
2021-12-21,311405.0017349518
2021-12-22,316717.0017349518
2021-12-23,318499.7017349518
2021-12-24,308666.0017349518
2021-12-27,304928.0017349518
2021-12-28,304472.2017349518
2021-12-29,300088.1017349517
2021-12-30,306690.90173495177
2021-12-31,307118.40173495177
2022-01-04,311045.40173495177
2022-01-05,299852.5017349518
2022-01-06,300912.0017349518
2022-01-07,292348.50173495174
2022-01-10,290949.2017349517
2022-01-11,293172.6017349517
2022-01-12,295827.00173495174
2022-01-13,302107.1017349517
2022-01-14,300874.1017349517
2022-01-17,303897.20173495176
2022-01-18,297330.6017349517
2022-01-19,297873.80173495173
2022-01-20,293590.1017349517
2022-01-21,288391.6017349517
2022-01-24,288166.6017349517
2022-01-25,286975.6017349517
2022-01-26,286975.6017349517
2022-01-27,286975.6017349517
2022-01-28,286975.6017349517
2022-02-07,286975.6017349517
2022-02-08,286975.6017349517
2022-02-09,286975.6017349517
2022-02-10,286975.6017349517
2022-02-11,286732.50173495174
2022-02-14,284810.8017349517
2022-02-15,280319.7017349517
2022-02-16,281533.6017349517
2022-02-17,281428.9017349517
2022-02-18,280507.6017349517
2022-02-21,280648.30173495173
2022-02-22,279565.60173495166
2022-02-23,277500.6017349517
2022-02-24,273609.7017349517
2022-02-25,275058.50173495174
2022-02-28,270425.6017349517
2022-03-01,269610.2017349517
2022-03-02,272416.50173495174
2022-03-03,273019.50173495174
2022-03-04,266413.90173495177
2022-03-07,258988.40173495174
2022-03-08,252138.10173495175
2022-03-09,251241.30173495173
2022-03-10,251241.30173495173
2022-03-11,251241.30173495173
2022-03-14,251179.90173495174
2022-03-15,248109.60173495175
2022-03-16,251767.40173495177
2022-03-17,249389.30173495176
2022-03-18,249389.30173495176
2022-03-21,249358.10173495175
2022-03-22,248166.40173495177
2022-03-23,246976.00173495177
2022-03-24,246738.30173495182
2022-03-25,246521.2017349518
2022-03-28,246731.80173495182
2022-03-29,246452.0017349518
2022-03-30,244170.20173495178
2022-03-31,244170.20173495178
2022-04-01,244111.20173495178
2022-04-06,246676.10173495178
2022-04-07,237202.0017349518
2022-04-08,236681.8017349518
2022-04-11,236681.8017349518
2022-04-12,236681.8017349518
2022-04-13,236681.8017349518
2022-04-14,236681.8017349518
2022-04-15,236681.8017349518
2022-04-18,236681.8017349518
2022-04-19,236681.8017349518
2022-04-20,236681.8017349518
2022-04-21,236681.8017349518
2022-04-22,236681.8017349518
2022-04-25,236681.8017349518
2022-04-26,236681.8017349518
2022-04-27,236681.8017349518
2022-04-28,236681.8017349518
2022-04-29,236681.8017349518
2022-05-05,236681.8017349518
2022-05-06,236624.5017349518
2022-05-09,237784.5017349518
2022-05-10,238907.5017349518
2022-05-11,237334.7017349518
2022-05-12,237223.20173495184
2022-05-13,236340.10173495187
2022-05-16,238573.70173495187
2022-05-17,238458.90173495188
2022-05-18,240003.3017349519
2022-05-19,240249.50173495192
2022-05-20,243018.10173495192
2022-05-23,242578.90173495194
2022-05-24,237722.50173495195
2022-05-25,235954.30173495194
2022-05-26,235079.10173495195
2022-05-27,238294.50173495192
2022-05-30,239297.80173495194
2022-05-31,241083.9017349519
2022-06-01,241338.9017349519
2022-06-02,240744.0576849015
2022-06-06,240163.04244716663
2022-06-07,237261.2095140433
2022-06-08,238217.68924883602
2022-06-09,235587.18924883602
2022-06-10,233413.78924883605
2022-06-13,233853.78924883605
2022-06-14,233792.78924883608
2022-06-15,228723.58924883613
2022-06-16,228400.56507228006
2022-06-17,233431.21278482064
2022-06-20,235025.1733440726
2022-06-21,234007.3931031352
2022-06-22,233396.2931031352
2022-06-23,234873.49310313517
2022-06-24,233961.69310313519
2022-06-27,232840.59310313518
2022-06-28,235345.59310313518
2022-06-29,221341.09310313518
2022-06-30,227223.09310313518
2022-07-01,224340.09310313518
2022-07-04,228274.0305135029
2022-07-05,225497.3080433931
2022-07-06,222339.48640978747
2022-07-07,230338.78640978748
2022-07-08,228986.6864097875
2022-07-11,231754.38640978746
2022-07-12,227057.18640978745
2022-07-13,227609.8864097875
2022-07-14,226659.58640978747
2022-07-15,226508.68640978745
2022-07-18,227553.38640978746
2022-07-19,229345.88640978746
2022-07-20,233288.38640978746
2022-07-21,228425.9864097875
2022-07-22,228655.6864097875
2022-07-25,219296.78640978748
2022-07-26,223486.4864097875
2022-07-27,226457.4864097875
2022-07-28,229166.08640978753
2022-07-29,227328.0864097875
2022-08-01,229765.8864097875
2022-08-02,225647.88640978752
2022-08-03,215868.1864097875
2022-08-04,215254.68640978748
2022-08-05,215409.68640978748
2022-08-08,214343.34151300008
2022-08-09,216410.96786629132
2022-08-10,219896.2249155609
2022-08-11,220689.92491556087
2022-08-12,216592.12491556088
2022-08-15,216319.42491556084
2022-08-16,217880.42491556084
2022-08-17,218673.22491556083
2022-08-18,219193.8249155608
2022-08-19,214862.42491556078
2022-08-22,216716.62491556077
2022-08-23,216980.42491556075
2022-08-24,211989.5249155608
2022-08-25,210250.9249155608
2022-08-26,204222.8249155608
2022-08-29,203973.7249155608
2022-08-30,196849.2249155608
2022-08-31,188925.22491556077
2022-09-01,189566.42491556078
2022-09-02,190263.72491556077
2022-09-05,191847.72491556077
2022-09-06,191652.1249155608
2022-09-07,190378.5249155608
2022-09-08,189832.02491556082
2022-09-09,188624.32491556084
2022-09-13,189347.52491556082
2022-09-14,187605.32491556084
2022-09-15,186395.9249155608
2022-09-16,182086.32491556084
2022-09-19,179106.22491556083
2022-09-20,180546.02491556082
2022-09-21,179338.7249155608
2022-09-22,179338.7249155608
2022-09-23,179338.7249155608
2022-09-26,179338.7249155608
2022-09-27,179338.7249155608
2022-09-28,179338.7249155608
2022-09-29,179272.9249155608
2022-09-30,175913.5249155608
2022-10-10,175913.5249155608
2022-10-11,175913.5249155608
2022-10-12,175913.5249155608
2022-10-13,175892.6249155608
2022-10-14,174854.92491556078
2022-10-17,178102.42491556078
2022-10-18,176697.72491556077
2022-10-19,174138.42491556078
2022-10-20,175872.0249155608
2022-10-21,176272.92491556078
2022-10-24,176988.22491556077
2022-10-25,176611.14641481434
2022-10-26,181021.7111204202
2022-10-27,181434.0501824257
2022-10-28,179583.6501824257
2022-10-31,180005.5501824257
2022-11-01,180856.25018242572
2022-11-02,180842.15018242568
2022-11-03,180620.35018242567
2022-11-04,179944.5501824257
2022-11-07,177931.05018242574
2022-11-08,178200.15018242574
2022-11-09,178594.75018242572
2022-11-10,177486.65018242574
2022-11-11,177581.05018242574
2022-11-14,175920.25018242572
2022-11-15,181155.25018242572
2022-11-16,178536.75018242572
2022-11-17,180428.6501824257
2022-11-18,181692.95018242573
2022-11-21,178950.6501824257
2022-11-22,169378.6501824257
2022-11-23,163409.05018242568
2022-11-24,166136.05018242568
2022-11-25,162081.35018242567
2022-11-28,161231.85018242567
2022-11-29,161615.45018242564
2022-11-30,161336.85018242564
2022-12-01,162416.25018242566
2022-12-02,162596.85018242564
2022-12-05,164124.85018242564
2022-12-06,162727.65018242566
2022-12-07,157960.25018242566
2022-12-08,158399.55018242565
2022-12-09,154176.85018242564
2022-12-12,155179.05018242565
2022-12-13,153906.75018242566
2022-12-14,151984.85018242564
2022-12-15,149958.55018242565
2022-12-16,152480.35018242567
2022-12-19,146551.95018242567
2022-12-20,146126.35018242567
2022-12-21,146126.35018242567
2022-12-22,146126.35018242567
2022-12-23,146126.35018242567
2022-12-26,146126.35018242567
2022-12-27,146126.35018242567
2022-12-28,146109.35018242567
2022-12-29,146112.15018242566
2022-12-30,146804.15018242566
2023-01-03,146128.15018242566
2023-01-04,146137.15018242566
2023-01-05,146028.75018242566
2023-01-06,142483.55018242565
2023-01-09,142077.25018242566
2023-01-10,144192.55018242568
2023-01-11,144475.85151863375
2023-01-12,142416.51944967647
2023-01-13,146091.89757089457
2023-01-16,146097.80320165542
2023-01-17,144684.20224234072
2023-01-18,145229.2919996839
2023-01-19,145595.49122058495
2023-01-20,147273.44663221695
2023-01-30,148507.34663221694
2023-01-31,145249.24663221696
2023-02-01,146552.88282924524
2023-02-02,146290.33374218954
2023-02-03,145418.16854498818
2023-02-06,144119.76854498818
2023-02-07,144692.56854498817
2023-02-08,142468.8685449882
2023-02-09,145984.06854498817
2023-02-10,146226.0685449882
2023-02-13,146512.76854498818
2023-02-14,146491.5685449882
2023-02-15,148157.1101931126
2023-02-16,145293.3280441121
2023-02-17,143133.5280441121
2023-02-20,146672.5280441121
2023-02-21,147048.1398458174
2023-02-22,145716.3799589545
2023-02-23,142910.5799589545
2023-02-24,140914.47995895453
2023-02-27,139722.27995895452
2023-02-28,140631.6799589545
2023-03-01,140302.5799589545
2023-03-02,138900.6799589545
2023-03-03,138418.57995895453
2023-03-06,137919.97995895453
2023-03-07,134734.07995895453
2023-03-08,134645.87995895455
2023-03-09,133773.47995895456
2023-03-10,131503.87995895458
2023-03-13,132235.87995895458
2023-03-14,131747.0799589546
2023-03-15,131624.77995895458
2023-03-16,129662.27995895459
2023-03-17,130268.6799589546
2023-03-20,128943.97995895459
2023-03-21,130105.97995895459
2023-03-22,129816.77995895458
2023-03-23,129662.77995895458
2023-03-24,129171.77995895459
2023-03-27,128408.2799589546
2023-03-28,126098.87995895458
2023-03-29,126022.17995895457
2023-03-30,123387.27995895456
2023-03-31,124261.77995895456
2023-04-03,125802.67995895456
2023-04-04,125649.07995895456
2023-04-06,126277.07995895456
2023-04-07,127526.07995895456
2023-04-10,126004.67995895457
2023-04-11,126768.37995895458
2023-04-12,129867.07995895458
2023-04-13,127960.17995895457
2023-04-14,128292.67995895457
2023-04-17,129722.57995895456
2023-04-18,129756.87995895457
2023-04-19,128560.57995895455
2023-04-20,127496.27995895455
2023-04-21,127088.77995895455
2023-04-24,127088.77995895455
2023-04-25,127073.47995895454
2023-04-26,127736.47995895454
2023-04-27,127297.87995895454
2023-04-28,127297.87995895454
2023-05-04,127297.87995895454
2023-05-05,127146.57995895453
2023-05-08,127216.57995895453
2023-05-09,124290.97995895453
2023-05-10,122947.07995895455
2023-05-11,122330.87995895455
2023-05-12,122232.87995895455
2023-05-15,121935.77995895456
2023-05-16,120925.17995895456
2023-05-17,120801.37995895455
2023-05-18,120624.87995895457
2023-05-19,120840.77995895456
2023-05-22,120322.27995895456
2023-05-23,118647.27995895456
2023-05-24,118380.67995895454
2023-05-25,119284.67995895454
2023-05-26,119153.37995895455
2023-05-29,119054.57995895456
2023-05-30,119054.57995895456
2023-05-31,119054.57995895456
2023-06-01,119054.57995895456
2023-06-02,119054.57995895456
2023-06-05,119054.57995895456
2023-06-06,118941.37995895455
2023-06-07,120114.07995895455
2023-06-08,119489.37995895455
2023-06-09,119312.17995895456
2023-06-12,119312.17995895456
2023-06-13,119312.17995895456
2023-06-14,119226.47995895456
2023-06-15,118499.37995895457
2023-06-16,120055.97995895456
2023-06-19,121641.77995895455
2023-06-20,119141.47995895457
2023-06-21,117107.0799589546
2023-06-26,115401.87995895458
2023-06-27,115291.77995895458
2023-06-28,115486.77995895458
2023-06-29,115408.37995895458
2023-06-30,116386.67995895457
2023-07-03,117327.37995895458
2023-07-04,118850.97995895457
2023-07-05,119540.97995895457
2023-07-06,119833.37995895457
2023-07-07,119368.87995895455
2023-07-10,118786.67995895456
2023-07-11,118488.57995895455
2023-07-12,118018.17995895456
2023-07-13,118005.47995895454
2023-07-14,118195.67995895454
2023-07-17,118065.57995895453
2023-07-18,117666.77995895455
2023-07-19,117231.77995895453
2023-07-20,116529.57995895455
2023-07-21,114790.97995895454
2023-07-24,114790.97995895454
2023-07-25,114790.97995895454
2023-07-26,114790.97995895454
2023-07-27,114655.87995895455
2023-07-28,117469.77995895455
2023-07-31,121689.77995895455
2023-08-01,121315.57995895453
2023-08-02,121257.17995895454
2023-08-03,120994.97995895453
2023-08-04,118620.87995895454
2023-08-07,116973.07995895455
2023-08-08,115452.97995895456
2023-08-09,113403.47995895454
2023-08-10,113403.47995895454
2023-08-11,113403.47995895454
2023-08-14,113335.27995895455
2023-08-15,113815.57995895455
2023-08-16,113257.57995895455
2023-08-17,113830.57995895455
2023-08-18,113830.57995895455
2023-08-21,113830.57995895455
2023-08-22,113830.57995895455
2023-08-23,113830.57995895455
2023-08-24,113830.57995895455
2023-08-25,113830.57995895455
2023-08-28,113830.57995895455
2023-08-29,113830.57995895455
2023-08-30,113830.57995895455
2023-08-31,113778.57995895453
2023-09-01,114291.67995895451
2023-09-04,115466.87995895452
2023-09-05,115244.17995895453
2023-09-06,114890.07995895452
2023-09-07,113396.17995895454
2023-09-08,112330.47995895453
2023-09-11,111691.57995895453
2023-09-12,111495.97995895454
2023-09-13,111173.30704542722
2023-09-14,111135.22871693538
2023-09-15,112073.02871693538
2023-09-18,110184.42871693538
2023-09-19,109834.42871693538
2023-09-20,109834.42871693538
2023-09-21,109834.42871693538
2023-09-22,109834.42871693538
2023-09-25,109834.42871693538
2023-09-26,109807.02871693537
2023-09-27,109927.62871693537
2023-09-28,110215.62871693537
2023-10-09,110263.62871693537
2023-10-10,110197.42871693536
2023-10-11,109880.42871693538
2023-10-12,109880.42871693538
2023-10-13,109880.42871693538
2023-10-16,109880.42871693538
2023-10-17,109880.42871693538
2023-10-18,109880.42871693538
2023-10-19,109880.42871693538
2023-10-20,109880.42871693538
2023-10-23,109880.42871693538
2023-10-24,109880.42871693538
2023-10-25,109880.42871693538
2023-10-26,109880.42871693538
2023-10-27,109880.42871693538
2023-10-30,109880.42871693538
2023-10-31,109754.92871693538
2023-11-01,110496.32871693537
2023-11-02,109848.52871693538
2023-11-03,109390.52871693537
2023-11-06,111726.12871693537
2023-11-07,112904.32871693539
2023-11-08,112557.92871693539
2023-11-09,109963.7287169354
2023-11-10,108574.42871693539
2023-11-13,110333.42871693539
2023-11-14,112266.79232641937
2023-11-15,110443.65107296947
2023-11-16,110216.68516596942
2023-11-17,110653.08516596942
2023-11-20,111359.28516596943
2023-11-21,109658.18516596944
2023-11-22,108873.68516596944
2023-11-23,109662.08516596943
2023-11-24,108647.98516596944
2023-11-27,107952.68516596944
2023-11-28,108960.08516596943
2023-11-29,108135.28516596943
2023-11-30,108108.68516596942
2023-12-01,106609.48516596942
2023-12-04,106411.48516596942
2023-12-05,106245.88516596942
2023-12-06,106245.88516596942
2023-12-07,106245.88516596942
2023-12-08,106245.88516596942
2023-12-11,106245.88516596942
2023-12-12,106245.88516596942
2023-12-13,106245.88516596942
2023-12-14,106119.18516596941
2023-12-15,106018.68516596942
2023-12-18,105535.28516596943
2023-12-19,106272.88516596943
2023-12-20,106272.88516596943
2023-12-21,106272.88516596943
2023-12-22,106272.88516596943
2023-12-25,106272.88516596943
2023-12-26,106272.88516596943
2023-12-27,106272.88516596943
2023-12-28,106272.88516596943
2023-12-29,106272.88516596943
2024-01-02,106224.88516596942
2024-01-03,105968.38516596942
2024-01-04,104257.2851659694
2024-01-05,102594.8851659694
2024-01-08,102255.0851659694
2024-01-09,102235.68516596941
2024-01-10,101616.08516596942
2024-01-11,101616.08516596942
2024-01-12,101616.08516596942
2024-01-15,101586.08516596942
2024-01-16,101405.68516596942
2024-01-17,101405.68516596942
2024-01-18,101405.68516596942
2024-01-19,101405.68516596942
2024-01-22,101405.68516596942
2024-01-23,101405.68516596942
2024-01-24,101405.68516596942
2024-01-25,101405.68516596942
2024-01-26,101405.68516596942
2024-01-29,101374.68516596942
2024-01-30,100213.68516596945
2024-01-31,98399.28516596946
2024-02-01,98209.28516596946
2024-02-02,98037.48516596945
2024-02-05,98037.48516596945
2024-02-06,98037.48516596945
2024-02-07,98037.48516596945
2024-02-08,98037.48516596945
2024-02-19,98037.48516596945
2024-02-20,98037.48516596945
2024-02-21,97918.78516596946
2024-02-22,99214.68516596947
2024-02-23,99420.28516596947
2024-02-26,98542.88516596948
2024-02-27,98668.28516596947
2024-02-28,97939.08516596947
2024-02-29,99472.08516596947
2024-03-01,101060.28516596949
2024-03-04,101390.48516596947
2024-03-05,100066.48516596947
2024-03-06,100315.38516596948
2024-03-07,99907.28516596947
2024-03-08,100002.78516596947
2024-03-11,102787.48516596947
2024-03-12,100007.97365035521
2024-03-13,100433.86274190109
2024-03-14,101372.66274190109
2024-03-15,100990.7627419011
2024-03-18,100635.46274190108
2024-03-19,99926.8627419011
2024-03-20,99185.8627419011
2024-03-21,98347.8627419011
2024-03-22,96185.6627419011
2024-03-25,93036.4627419011
2024-03-26,92699.2627419011
2024-03-27,91319.16274190109
2024-03-28,92113.76274190108
2024-03-29,93027.06274190109
2024-04-01,93069.16274190109
2024-04-02,92636.4627419011
2024-04-03,91768.9627419011
2024-04-08,91402.36274190109
2024-04-09,92466.06274190109
2024-04-10,92805.2627419011
2024-04-11,93927.2627419011
2024-04-12,94288.8627419011
2024-04-15,92866.6627419011
2024-04-16,92014.86274190112
2024-04-17,95059.06274190111
2024-04-18,94567.76274190111
2024-04-19,94150.76274190111
2024-04-22,91705.16274190112
2024-04-23,89407.86274190113
2024-04-24,91859.76274190113
2024-04-25,90636.16274190113
2024-04-26,90849.76274190114
2024-04-29,90795.56274190114
2024-04-30,90884.16274190113
2024-05-06,91967.66274190113
2024-05-07,91249.66274190113
2024-05-08,91152.56274190111
2024-05-09,92166.76274190111
2024-05-10,92565.6627419011
2024-05-13,92309.96274190111
2024-05-14,91938.4627419011
2024-05-15,92041.06274190111
2024-05-16,91696.86274190112
2024-05-17,92513.3627419011
2024-05-20,94006.0627419011
2024-05-21,93191.46274190111
2024-05-22,92096.9627419011
2024-05-23,89462.96274190111
2024-05-24,89069.26274190111
2024-05-27,89634.8627419011
2024-05-28,89172.3627419011
2024-05-29,88777.66274190109
2024-05-30,87653.66274190108
2024-05-31,87505.56274190109
2024-06-03,87233.56274190109
2024-06-04,87338.86274190109
2024-06-05,87338.86274190109
2024-06-06,87338.86274190109
2024-06-07,87338.86274190109
2024-06-11,87338.86274190109
2024-06-12,87338.86274190109
2024-06-13,87338.86274190109
2024-06-14,87275.4627419011
2024-06-17,85937.0627419011
2024-06-18,85937.0627419011
2024-06-19,85842.1627419011
2024-06-20,84698.98876528163
2024-06-21,84659.73954270317
2024-06-24,84242.23954270319
2024-06-25,84081.8395427032
2024-06-26,84081.8395427032
2024-06-27,84081.8395427032
2024-06-28,84081.8395427032
2024-07-01,84081.8395427032
2024-07-02,84081.8395427032
2024-07-03,84081.8395427032
2024-07-04,84081.8395427032
2024-07-05,84081.8395427032
2024-07-08,84081.8395427032
2024-07-09,84081.8395427032
2024-07-10,84081.8395427032
2024-07-11,84081.8395427032
2024-07-12,84081.8395427032
2024-07-15,83985.83954270321
2024-07-16,86099.9395427032
2024-07-17,83253.6395427032
2024-07-18,83129.7395427032
2024-07-19,83197.5395427032
2024-07-22,83197.5395427032
2024-07-23,83125.45181250872
2024-07-24,82856.68082666914
2024-07-25,82530.23883707209
2024-07-26,82530.23883707209
2024-07-29,82530.23883707209
2024-07-30,82530.23883707209
2024-07-31,82530.23883707209
2024-08-01,82530.23883707209
2024-08-02,82499.1388370721
2024-08-05,81987.53883707208
2024-08-06,80732.03883707209
2024-08-07,80669.53883707209
2024-08-08,80773.6388370721
2024-08-09,80138.6388370721
2024-08-12,80138.6388370721
2024-08-13,80138.6388370721
2024-08-14,80138.6388370721
2024-08-15,80138.6388370721
2024-08-16,80138.6388370721
2024-08-19,80138.6388370721
2024-08-20,80138.6388370721
2024-08-21,80138.6388370721
2024-08-22,80138.6388370721
2024-08-23,80138.6388370721
2024-08-26,80138.6388370721
2024-08-27,80138.6388370721
2024-08-28,80138.6388370721
2024-08-29,80138.6388370721
2024-08-30,80138.6388370721
2024-09-02,80138.6388370721
2024-09-03,80110.2388370721
2024-09-04,80486.03883707209
2024-09-05,80442.2388370721
2024-09-06,80255.33883707211
2024-09-09,80255.33883707211
2024-09-10,80255.33883707211
2024-09-11,80255.33883707211
2024-09-12,80255.33883707211
2024-09-13,80255.33883707211
2024-09-18,80255.33883707211
2024-09-19,80255.33883707211
2024-09-20,80255.33883707211
2024-09-23,80233.9388370721
2024-09-24,79986.93883707208
2024-09-25,79986.93883707208
2024-09-26,79968.3388370721
2024-09-27,80485.43883707208
2024-09-30,83837.43883707208
2024-10-08,86301.43883707208
2024-10-09,85158.93883707208
2024-10-10,87192.83883707208
2024-10-11,84212.23883707209
2024-10-14,89376.03883707209
2024-10-15,87832.2388370721
2024-10-16,87425.63883707208
2024-10-17,87175.03883707209
2024-10-18,87430.03883707209
2024-10-21,88512.43883707211
2024-10-22,89162.4388370721
2024-10-23,90105.03883707209
2024-10-24,90930.6388370721
2024-10-25,92873.0388370721
2024-10-28,96045.33883707211
2024-10-29,95199.73883707212
2024-10-30,95366.23883707213
2024-10-31,96868.53883707212
2024-11-01,89933.7388370721
2024-11-04,88882.9388370721
2024-11-05,90924.63883707211
2024-11-06,90449.9388370721
2024-11-07,90883.6388370721
2024-11-08,91109.93883707208
2024-11-11,91473.63883707211
2024-11-12,89661.63883707211
2024-11-13,88478.03883707212
2024-11-14,85282.43883707213
2024-11-15,82625.93883707213
2024-11-18,80216.23883707212
2024-11-19,80834.83883707212
2024-11-20,83644.83883707212
2024-11-21,85546.93883707211
2024-11-22,83009.03883707212
2024-11-25,85416.13883707211
2024-11-26,82480.83883707211
2024-11-27,84194.43883707211
2024-11-28,82266.73883707212
2024-11-29,84603.13883707211
2024-12-02,85766.23883707212
2024-12-03,85753.13883707213
2024-12-04,82870.13883707213
2024-12-05,84098.73883707212
2024-12-06,84822.83883707212
2024-12-09,85785.13883707213
2024-12-10,86714.63883707213
2024-12-11,90225.13883707213
2024-12-12,91895.53883707212
2024-12-13,90369.73883707212
2024-12-16,91252.13883707213
2024-12-17,85295.03883707212
2024-12-18,83852.23883707213
2024-12-19,81581.63883707213
2024-12-20,80022.23883707212
2024-12-23,79324.33883707211
2024-12-24,79396.0388370721
2024-12-25,79465.33883707211
2024-12-26,80281.6388370721
2024-12-27,80199.33883707211
2024-12-30,79193.04043782009
2024-12-31,77940.87081517269
2025-01-02,76071.67081517269
2025-01-03,75134.37372730288
2025-01-06,75660.16288632218
2025-01-07,75933.16288632218
2025-01-08,76196.56288632218
2025-01-09,76252.26288632216
2025-01-10,72270.06288632218
2025-01-13,70436.72026096014
2025-01-14,70195.49174004255
2025-01-15,70754.69768089202
2025-01-16,70236.31658875155
2025-01-17,69944.12696391958
2025-01-20,70568.0360643999
2025-01-21,69717.83606439989
2025-01-22,68978.63606439988
2025-01-23,67905.79384024172
2025-01-24,68889.3714515407
2025-01-27,69285.30451549955
2025-02-05,69575.60378497446
2025-02-06,72053.1918722709
2025-02-07,74600.10154665708
2025-02-10,77931.4945729312
2025-02-11,79521.7585633357
2025-02-12,80478.99957371294
2025-02-13,78782.49957371294
2025-02-14,78863.34866205
2025-02-17,78525.95474285903
2025-02-18,78065.99804692144
2025-02-19,79678.76604267432
2025-02-20,80231.96604267432
2025-02-21,82482.76604267431
2025-02-24,82822.66604267433
2025-02-25,83514.26604267434
2025-02-26,84308.06604267433
2025-02-27,83112.16604267433
2025-02-28,78074.66604267433
2025-03-03,76500.45464522357
2025-03-04,77181.00421364902
2025-03-05,77830.38013021901
2025-03-06,78153.480130219
2025-03-07,77200.080130219
2025-03-10,77102.77337868777
2025-03-11,77738.44230065471
2025-03-12,78385.44230065473
2025-03-13,76030.94230065471
2025-03-14,76798.04230065472
2025-03-17,77471.24230065473
2025-03-18,77836.74230065473
2025-03-19,76533.93222322597
2025-03-20,75869.8755376893
2025-03-21,73498.37553768928
2025-03-24,71192.6755376893
2025-03-25,71533.97553768929
2025-03-26,74278.97553768929
2025-03-27,72616.27553768929
2025-03-28,70551.97553768929
2025-03-31,70111.8755376893
2025-04-01,72576.37553768928
2025-04-02,72617.67553768928
2025-04-03,71982.6560324631
2025-04-07,65456.73126792895
2025-04-08,66173.79480377454
2025-04-09,65885.74506064068
2025-04-10,65913.04506064068
2025-04-11,65913.04506064068
2025-04-14,65894.54506064068
2025-04-15,65948.84506064068
2025-04-16,65896.24506064068
2025-04-17,65322.3804946484
2025-04-18,65104.68311055543
2025-04-21,67657.44470386264
2025-04-22,68999.89787464547
2025-04-23,66554.19787464547
2025-04-24,68551.19787464547
2025-04-25,66523.99787464547
2025-04-28,64584.99787464549
2025-04-29,63602.79787464548
2025-04-30,63034.49787464549
2025-05-06,63259.7978746455
2025-05-07,63704.2978746455
2025-05-08,64081.1978746455
2025-05-09,63529.47940578936
2025-05-12,64432.36919816357
2025-05-13,64492.64367909912
2025-05-14,64306.897143764494
2025-05-15,64469.09714376449
2025-05-16,64698.19714376449
2025-05-19,64542.397143764494
2025-05-20,64653.4971437645
2025-05-21,63605.897143764494
2025-05-22,62246.1971437645
2025-05-23,62640.09714376449
2025-05-26,61160.897143764494
2025-05-27,61172.07103920441
2025-05-28,61218.20189985154
2025-05-29,61333.60189985155
2025-05-30,61752.40189985155
2025-06-03,62818.90189985155
2025-06-04,63503.301899851554
2025-06-05,63079.90189985155
2025-06-06,62428.90189985155
2025-06-09,63130.89788829539
2025-06-10,62042.486856773256
2025-06-11,62877.38685677325
2025-06-12,62880.68685677325
2025-06-13,62573.38685677326
2025-06-16,62418.51827934802
2025-06-17,61585.55152428928
2025-06-18,60054.351524289275
2025-06-19,59818.45152428928
2025-06-20,60392.15152428928
2025-06-23,61846.851524289275
2025-06-24,61746.65152428928
2025-06-25,61841.55152428928
2025-06-26,62439.65152428928
2025-06-27,60920.45152428928
2025-06-30,60267.351524289275
2025-07-01,60040.55152428927
2025-07-02,59183.151524289264
2025-07-03,59550.651524289264
2025-07-04,59132.95152428927
2025-07-07,58970.351524289275
2025-07-08,60365.25152428927
2025-07-09,60172.351524289275
2025-07-10,59699.05152428927
2025-07-11,58765.851524289275
2025-07-14,59349.25152428927
2025-07-15,58727.65152428927
2025-07-16,57855.55152428927
2025-07-17,57496.55152428927
2025-07-18,57918.65152428928
2025-07-21,58351.05152428928
2025-07-22,58064.55152428928
2025-07-23,58147.45152428928
2025-07-24,58799.85152428928
2025-07-25,58909.751524289284
2025-07-28,59015.65152428929
2025-07-29,58760.95152428929
2025-07-30,59020.751524289284
2025-07-31,57849.05152428928
2025-08-01,57671.55152428928
2025-08-04,57001.65152428928
2025-08-05,57871.55152428928
2025-08-06,56447.2129656967
2025-08-07,56587.602155141
2025-08-08,56760.345084795576
2025-08-11,57166.62866000066
2025-08-12,57068.528660000666
2025-08-13,56823.628660000664
2025-08-14,55658.72866000067
2025-08-15,55838.32866000067
2025-08-18,55895.428660000674
2025-08-19,55152.428660000674
2025-08-20,55769.12866000068
2025-08-21,55146.19290263133
2025-08-22,55713.07184721641
2025-08-25,56055.72630915754
2025-08-26,55475.021685444764
2025-08-27,54224.3271427459
2025-08-28,54440.83661266069
2025-08-29,54592.40293490561
2025-09-01,55096.57861805775
2025-09-02,53866.17948837034
2025-09-03,53794.079488370335
2025-09-04,51685.82286552987
2025-09-05,53445.84066000937
2025-09-08,54167.95309617664
2025-09-09,53739.61079455796
2025-09-10,53143.99892291211
2025-09-11,54131.398922912114
2025-09-12,54158.898922912114
2025-09-15,53661.39892291211
2025-09-16,53701.99892291211
2025-09-17,53567.19892291211
2025-09-18,51906.69892291211
2025-09-19,51273.99892291211
2025-09-22,52084.49892291211
2025-09-23,50978.18248181491
2025-09-24,51643.53016515321
2025-09-25,51038.64442681456
2025-09-26,51604.764307091275
2025-09-29,52624.04914636107
2025-09-30,53593.70062687776
2025-10-09,54799.055032765995
2025-10-10,54651.04730323198
2025-10-13,54455.09782047945
2025-10-14,54242.79782047944
2025-10-15,54362.69782047944
2025-10-16,53081.19782047945
2025-10-17,52388.00715879575
2025-10-20,52221.20858727745
2025-10-21,53280.20858727745
2025-10-22,52767.90858727744
2025-10-23,53132.20858727744
2025-10-24,52680.508587277436
2025-10-27,53790.608587277435
2025-10-28,53047.80858727743
2025-10-29,53598.40858727743
2025-10-30,53154.90858727743
2025-10-31,53527.508587277436
2025-11-03,54247.90858727744
2025-11-04,53553.25433687886
2025-11-05,53878.48280638144
2025-11-06,55109.85610607448
2025-11-07,56760.03453118042
2025-11-10,57138.63453118042
2025-11-11,56929.734531180424
2025-11-12,56700.53453118043
2025-11-13,57882.234531180424
2025-11-14,56471.35540605604
2025-11-17,55589.67769066748
2025-11-18,54348.877690667476
2025-11-19,54472.07536066827
2025-11-20,53663.501373899664
2025-11-21,50708.21605925971
2025-11-24,50096.816059259705
2025-11-25,50096.816059259705
2025-11-26,50096.816059259705
2025-11-27,50075.4160592597
2025-11-28,50576.21605925971
2025-12-01,50583.9160592597
2025-12-02,50413.91924103729
2025-12-03,49681.32654765478
2025-12-04,48842.02654765478
2025-12-05,49679.82654765478
2025-12-08,49614.32654765478
2025-12-09,49694.22217129348
2025-12-10,49833.76839223501
2025-12-11,48369.14701178924
2025-12-12,48369.14701178924
2025-12-15,48369.14701178924
2025-12-16,48369.14701178924
2025-12-17,48369.14701178924
2025-12-18,48363.14701178924
2025-12-19,47985.54701178924
2025-12-22,47967.96982519175
2025-12-23,47590.54282931102
2025-12-24,47938.05775702267
2025-12-25,48235.848933286165
2025-12-26,47768.99874714427
2025-12-29,47125.8222099696
2025-12-30,47476.204213324876
2025-12-31,47271.48734976258
